title,url,company,company_address,crawled_date,category,content_hash,deadline,is_expired,job_salary,salary_min,salary_max,salary_type,salary_note,has_commission,job_location,education_level,education_field,technical_skills,soft_skills,languages,certificates,gender_requirement,experience,requirements_tags,specializations,job_description,job_requirements,job_benefits,working_time,category_key
Telesales Vay Tín Chấp,https://www.topcv.vn/viec-lam/telesales-vay-tin-chap/2082516.html?ta_source=JobSearchList_LinkDetail&u_sr_id=H40rCAY8daHFUYpNsVIed5oZY8tGOQBCzyXsvpEn_1780366438,HSBC Pro Company,"Tầng 1, 2, 6 Tòa nhà Metropolitan, 235 Đồng Khởi, Phường Bến Nghé, Quận 1, Thành phố Hồ Chí Minh, Việt Nam",2026-06-02 09:16:57,Ngân hàng,5b0000700a1e7ca4a37fa297de21c0c7,22/06/2026,False,Thu nhập: Thoả thuận,,,negotiable,,False,Hồ Chí Minh,Đại học,,"Tư vấn tài chính, Ngân hàng, Tài chính, B2C, Telesales",,,,Không yêu cầu,1 năm,"Tư vấn tài chính, Ngân hàng, Tài chính, B2C, Telesales","1 năm kinh nghiệm chuyên môn, Từ 21 tuổi trở lên, Đại Học trở lên, Diễn đạt trôi chảy","• Gọi điện chủ động cho khách hàng cá nhân, giới thiệu và tư vấn sản phẩm vay tín chấp và thẻ tín dụng của HSBC.
• Tìm hiểu nhu cầu và phân tích thông tin khách hàng, từ đó đề xuất sản phẩm phù hợp, tuân thủ đúng quy trình tư vấn theo chuẩn quốc tế của HSBC.
• Giải đáp thắc mắc, xử lý yêu cầu của khách hàng qua điện thoại một cách nhanh chóng và chuyên nghiệp.
• Theo dõi, cập nhật tiến độ hồ sơ, phối hợp với các bộ phận liên quan để hỗ trợ khách hàng trong quá trình đăng ký sản phẩm.
• Duy trì mối quan hệ với khách hàng đã tiếp cận, xây dựng nguồn khách hàng lâu dài.
• Thực hiện chỉ tiêu cá nhân hàng tháng, đóng góp vào hiệu quả kinh doanh chung của bộ phận.","• Tốt nghiệp Đại học (không giới hạn chuyên ngành).
• Có kinh nghiệm làm việc ở vị trí Telesales, Tư vấn,... là lợi thế.
• Kỹ năng giao tiếp qua điện thoại rõ ràng, thuyết phục tốt, giọng nói dễ nghe.
• Có khả năng làm việc với mục tiêu doanh số và chịu được áp lực công việc cao.
• Sử dụng thành thạo máy tính và các công cụ văn phòng.
• Tinh thần cầu tiến, học hỏi nhanh, yêu thích công việc tư vấn – bán hàng.","• Lương cơ bản ổn định + Hoa hồng hấp dẫn theo doanh số.
• 17+ ngày nghỉ phép hằng năm.
• Cơ hội được đào tạo chuyên sâu theo tiêu chuẩn quốc tế của HSBC.
• Làm việc trong môi trường ngân hàng chuyên nghiệp, năng động, đa quốc gia.
• Cơ hội phát triển nghề nghiệp rõ ràng, có thể thăng tiến lên các vị trí cấp cao hơn.
• Đầy đủ các chế độ phúc lợi, BHXH theo quy định.",Thứ 2 - Thứ 6 (từ 09:00 đến 18:00),ngan-hang
"Trưởng Nhóm Kinh Doanh Kênh Telesales - Tân Bình, HCM",https://www.topcv.vn/viec-lam/truong-nhom-kinh-doanh-kenh-telesales-tan-binh-hcm/2167781.html?ta_source=JobSearchList_LinkDetail&u_sr_id=H40rCAY8daHFUYpNsVIed5oZY8tGOQBCzyXsvpEn_1780366438,CÔNG TY TÀI CHÍNH TRÁCH NHIỆM HỮU HẠN MỘT THÀNH VIÊN SHINHAN VIỆT NAM,"Toà nhà Pico Plaza, Số 20 Cộng Hoà, Phường 12, Quận Tân Bình, Thành phố Hồ Chí Minh",2026-06-02 09:18:55,Ngân hàng,d4e22e95f6cc35776852497b41f09f51,18/06/2026,False,Thu nhập: 15 - 30 triệu,15000000.0,30000000.0,range,,False,Hồ Chí Minh,Trung cấp,,"Tư vấn tài chính, Tài chính, B2C, Telesales, Online Sales",,,,Không yêu cầu,1 năm,"Tư vấn tài chính, Tài chính, B2C, Telesales, Online Sales","1 năm kinh nghiệm chuyên môn, Tuổi 23 - 35, Trung cấp trở lên","1. Lên kế hoạch thực hiện, phát triển kinh doanh
Xây dựng kế hoạch kinh doanh, lên ý tưởng và đề xuất phương án kinh doanh
Tổ chức, điều phối và phát triển các hoạt động kinh doanh theo mục tiêu kế hoạch
Kiểm soát hiệu quả kinh doanh nhóm thông qua việc phân tích, đánh giá dữ liệu kinh doanh, đề xuất các giải pháp và báo cáo kết quả hàng tuần / tháng / quý
2. Quản lý nhân sự trong nhóm
Quản lý nhân sự nhóm ít nhất từ 8-12 nhân viên kinh doanh.
Quản lý, đào tạo và phát triển kỹ năng nhân viên; hỗ trợ xử lý tình huống, huấn luyện nhân viên về kỹ năng tư vấn và nghiệp vụ sản phẩm
Tạo động lực làm việc, phát triển nhân viên
Địa chỉ làm việc: Toà nhà Pico Plaza, Số 20 Cộng Hoà, Phường 12, Quận Tân Bình, TP. HCM.
Thời gian làm việc: 8h30 - 18h00 (thứ 2 đến thứ 6) và 8h30 - 12h (thứ 7). Nghỉ trưa từ 12h-13h30 (1 tiếng 30 phút)","Nam/nữ từ 23 - 35 tuổi
Kinh nghiệm: tối thiểu 01 năm kinh nghiệm trong lĩnh vực Sales tài chính và quản lý đội nhóm Telesales
Kỹ năng diễn đạt và trình bày vấn đề rõ ràng, mạch lạc.
Năng lực tổ chức, quản lý nhóm
Nhạy bén, tư duy tốt, phân tích đánh giá vấn đề","Lương thưởng hấp dẫn, cạnh tranh theo năng lực.
Review tăng lương định kỳ hàng năm theo quy định công ty.
Được hưởng đầy đủ các chế độ theo luật lao động: BHXH, BHYT,...
Thưởng Tết và các ngày lễ theo luật lao động.
Sau khi ký hợp đồng lao động chính thức sẽ được hưởng đầy đủ các chế độ phúc lợi xã hội theo quy định của Pháp luật Việt Nam: BHXH, BHYT...
Du lịch công ty hàng năm.
Cơ hội tham gia các khóa học về kỹ năng mềm.
Công việc với mức lương ổn định, lâu dài.
Môi trường làm việc chuyên nghiệp, năng động, thân thiện và có cơ hội thăng tiến cao.","Thứ 2 - Thứ 6 (từ 08:30 đến 18:00)
Thứ 7 (từ 08:30 đến 12:00)",ngan-hang
Chuyên Viên Hỗ Trợ Khách Hàng Inbound (Shinhan Bank) Lương Gross 12 Triệu,https://www.topcv.vn/viec-lam/chuyen-vien-ho-tro-khach-hang-inbound-shinhan-bank-luong-gross-12-trieu/2167625.html?ta_source=JobSearchList_LinkDetail&u_sr_id=H40rCAY8daHFUYpNsVIed5oZY8tGOQBCzyXsvpEn_1780366438,CÔNG TY CỔ PHẦN BPO MẮT BÃO,"Tòa nhà AXYS, 12A Núi Thành, Phường 13, Quận Tân Bình, Thành phố Hồ Chí Minh, Việt Nam",2026-06-02 09:19:23,Ngân hàng,c9ffc28dd7bc312d2a6551a91a476c33,18/06/2026,False,Lương gross layer 1: từ 10.000.000 - layer 2: từ 12.000.000 VNĐ,10000000.0,12000000.0,range,,False,Hồ Chí Minh,Cao đẳng,,"Excel, AutoCAD, Python, SAP",,,,Không yêu cầu,1 năm,"Chuyên môn Tài chính/Ngân hàng/Bảo hiểm khác, Ngân hàng, Tài chính","1 năm kinh nghiệm chuyên môn, Cao Đẳng trở lên","Xử lý các cuộc gọi đến từ khách hàng và cung cấp câu trả lời chính xác, thỏa đáng cho các thắc mắc và mối quan tâm của khách hàng.
Thực hiện các cuộc gọi đi cho khách hàng để giải đáp thắc mắc, yêu cầu, khiếu nại hoặc cung cấp thêm thông tin khi cần thiết.
Theo dõi các nhiệm vụ và chỉ thị từ cấp trên hoặc trưởng nhóm.
Duy trì hồ sơ chính xác về các tương tác với khách hàng và ghi lại các chi tiết cần thiết trong hệ thống CRM của công ty.
Đảm bảo tuân thủ các chính sách của công ty, tiêu chuẩn dịch vụ và các quy định về tuân thủ.","Tốt nghiệp: Cao đẳng/Đại học
Kinh nghiệm làm việc: Từ 1,5 năm kinh nghiệm trong lĩnh vực chăm sóc khách hàng, call center ngân hàng/tài chính (inbound) (Có khả năng deal cao hơn theo kinh nghiệm)
Kỹ năng giao tiếp tốt, nghe và nói
Có khả năng làm việc trong môi trường năng động, áp lực cao
Kỹ năng chăm sóc khách hàng và làm việc nhóm tốt với tinh thần trách nhiệm cao
Tự giác, tận tâm, thân thiện, vui vẻ và sẵn sàng hỗ trợ
Ca làm việc linh hoạt, bao gồm cả trực 24/7 (có thể yêu cầu làm việc buổi tối, cuối tuần và ngày lễ)","Lương gross layer 1: từ 10.000.000 - layer 2: từ 12.000.000 VNĐ
KPIs: Từ 1.500.000 - 4.000.000VND
Thử việc: 100% lương
BHXH: đóng trên mức lương 10.000.000VND hoặc 12.000.000 VNĐ tùy layer
Phụ cấp ca đêm, lương ca đêm theo hệ số 130%
Lương tháng 13, Thưởng Lễ, Tết trong năm
Khám sức khỏe, Team Building, Year-end Party theo chính sách của Shinhan Bank
Bảo hiểm tai nạn 247
Phúc lợi: Ốm đau, Hiếu/hỷ, quà sinh nhật, quà tết, quà 8-3...
Tham gia các khóa đào tạo tại Shinhan tại Hàn, cơ hội làm việc môi trường chuyên nghiệp, năng động","Làm 5 ngày/tuần (nghỉ 2 ngày)
LÀM VIỆC THEO CA XOAY 247 - 8h/ca (Được sắp xếp bởi quản lý)
Ca X	: 08:00 - 17:00
Ca M	: 07:00 - 16:00
Ca X0	: 07:30 - 16:30
Ca X1	: 08:30 - 17:30
Ca X2	: 09:00 - 18:00
Ca X3	: 09:30 - 18:30
Ca X4	: 10:00 - 19:00
Ca A1	: 13:00 - 21:00
Ca A2	: 13:30 - 21:30
N+2 	: 21:00 - 07:00 (riêng ca đêm 21h00-7h00 chỉ làm 1 đến 2 ca/tuần)",ngan-hang
Chuyên Viên Tín Dụng / Quan Hệ Khách Hàng Cá Nhân,https://www.topcv.vn/viec-lam/chuyen-vien-tin-dung-quan-he-khach-hang-ca-nhan/2169119.html?ta_source=JobSearchList_LinkDetail&u_sr_id=H40rCAY8daHFUYpNsVIed5oZY8tGOQBCzyXsvpEn_1780366438,NGÂN HÀNG TMCP HÀNG HẢI VIỆT NAM,"22 Hàng Lược, Hoàn Kiếm, Hà Nội",2026-06-02 09:19:57,Ngân hàng,8711fbfe4726afd5927fb99186c6e994,19/06/2026,False,Thu nhập: 15 - 60 triệu,15000000.0,60000000.0,range,,False,Hà Nội,Cao đẳng,,"Quan hệ khách hàng cá nhân/doanh nghiệp, Ngân hàng, Tài chính, B2C, Online Sales",,,,Không yêu cầu,1 năm,"Quan hệ khách hàng cá nhân/doanh nghiệp, Ngân hàng, Tài chính, B2C, Online Sales","1 năm kinh nghiệm chuyên môn, Cao Đẳng trở lên","Tìm kiếm, phát triển và chăm sóc khách hàng cá nhân có nhu cầu vay vốn, sử dụng sản phẩm dịch vụ của ngân hàng.
Tư vấn các sản phẩm:
vay mua nhà, tái tài trợ
vay kinh doanh,
vay tiêu dùng,
thẻ tín dụng,
phí
Tiếp nhận hồ sơ, hướng dẫn khách hàng hoàn thiện thủ tục vay vốn.
Thẩm định khách hàng, tài sản bảo đảm và phương án vay theo quy định của ngân hàng.
Phối hợp với các bộ phận liên quan để thực hiện giải ngân và quản lý khoản vay.
Chăm sóc khách hàng sau bán, duy trì và phát triển mối quan hệ với khách hàng hiện hữu.
Thực hiện các chỉ tiêu kinh doanh được giao.","Tốt nghiệp Cao đẳng/Đại học chuyên ngành:
Tài chính,
Ngân hàng,
Kế toán,
Kinh tế hoặc liên quan.
Có kỹ năng giao tiếp, bán hàng và chăm sóc khách hàng tốt.
Ưu tiên ứng viên có kinh nghiệm tín dụng/ngân hàng/tài chính.
Năng động, chịu được áp lực doanh số.
Có kỹ năng tìm kiếm và phát triển khách hàng.","Thu nhập cạnh tranh: từ 17,000,000 - 60,000,000vnd
Lương cứng + phụ cấp + incentive + thưởng kinh doanh.
Được đào tạo nghiệp vụ chuyên sâu.
Cơ hội thăng tiến rõ ràng trong môi trường ngân hàng chuyên nghiệp.
Tham gia đầy đủ chế độ BHXH, BHYT, BHTN.
Du lịch, team building, thưởng lễ tết theo chính sách ngân hàng.","Thứ 2 - Thứ 6 (từ 08:00 đến 17:00)
Thứ 2 – Thứ 6 và sáng Thứ 7 theo quy định ngân hàng.",ngan-hang
Chuyên Viên Kinh Doanh Chứng Khoán,https://www.topcv.vn/viec-lam/chuyen-vien-kinh-doanh-chung-khoan/2183854.html?ta_source=JobSearchList_LinkDetail&u_sr_id=H40rCAY8daHFUYpNsVIed5oZY8tGOQBCzyXsvpEn_1780366438,CÔNG TY TRÁCH NHIỆM HỮU HẠN CHỨNG KHOÁN YUANTA VIỆT NAM,"Tầng 4, Tòa nhà Saigon Centre, Số 65 Đường Lê Lợi, Phường Sài Gòn, TP Hồ Chí Minh, Việt Nam",2026-06-02 09:20:16,Ngân hàng,2375779f8e1cf8bb58445b08a0e42a0c,01/07/2026,False,Thu nhập: Từ 15 triệu,15000000.0,15000000.0,fixed,,False,Hồ Chí Minh,Cao đẳng,,"Tư vấn tài chính, Bảo hiểm, Ngân hàng, Tài chính, B2B, B2C, Direct Sales, Telesales",,,,Không yêu cầu,1 năm,"Tư vấn tài chính, Bảo hiểm, Ngân hàng, Tài chính, B2B, B2C, Direct Sales, Telesales","1 năm kinh nghiệm chuyên môn, Cao Đẳng trở lên","Khảo sát thị trường, lập kế hoạch phát triển khách hàng, phát triển kinh doanh để đạt chỉ tiêu được giao;
Tìm kiếm, phát triển khách hàng mở tài khoản giao dịch chứng khoán;
Cung cấp các sản phẩm, dịch vụ giao dịch chứng khoán, đầu tư của công ty cho khách hàng;
Hỗ trợ, chăm sóc khách hàng trong quá trình khách hàng giao dịch chứng khoán ở YSVN;
Hướng dẫn, tư vấn cho khách hàng, hỗ trợ khách hàng giao dịch và thực hiện các thủ tục giao dịch liên quan;
Cập nhật thông tin phân tích, tư vấn đầu tư cho khách hàng;
Đề xuất, đóng góp ý kiến xây dựng chính sách, sản phẩm đáp ứng nhu cầu của khách hàng.
Ngoài ra, hiện công ty đang tuyển dụng vị trí này tại tất cả Chi Nhánh trên toàn quốc: Bình Dương, Vũng Tàu, Đồng Nai, Hồ Chí Minh, Đà Nẵng, Hà Nội. Ứng viên quan tâm vui lòng nộp đơn ứng tuyển.","Giao tiếp, ứng xử tốt, biết xây dựng và kế nối quan hệ với khách hàng; Năng động, nhanh nhẹn, hoạt bát; thích làm kinh doanh, bán hàng; ưu tiên ứng viên đã và đang làm kinh doanh hoặc công việc liên quan đến marketing;
Ham học hỏi, cầu thị, sáng tạo;
Ưu tiên ứng viên có khả năng tư vấn, tổng hợp phân tích, trình bày thuyết phục và giải quyết vấn đề;
Ưu tiên ứng viên có kinh nghiệm hoặc am hiểu về chứng khoán;
Tốt nghiệp Đại học/Cao đẳng các ngành về kinh doanh, marketing, tài chính, ngân hàng hoặc các ngành kinh tế khác.","Lương và hoa hồng cao hàng đầu thị trường, lương tháng 13, thưởng KPIs hàng năm
Phụ cấp cơm trưa, điện thoại, đi lại, gửi xe, quà sinh nhật, du lịch trong và ngoài nước
Bảo hiểm sức khỏe PVI cao cấp cho bản thân và gia đình & Bảo hiểm xã hội với gói lương 100%
ỨNG VIÊN ĐƯỢC ĐÀO TẠO:
Sản phẩm, nghiệp vụ và dịch vụ tại công ty chứng khoán;
Vai trò và công việc của chuyên viên kinh doanh, chuyên viên tư vấn đầu tư; định hướng nghề nghiệp, tương lai;
Phương pháp tìm kiếm và phát triển khách hàng phổ thông và cao cấp;
Kỹ năng Sales, làm việc nhóm, xây dựng thương hiệu...
Kiến thức chuyên môn về Đầu tư, Đầu tư chứng khoán (Phân tích cơ bản (FA): Phân tích vĩ mô; Phân tích ngành, Phân tích doanh nghiệp; Định giá; Quản lý danh mục đầu tư...; Phân tích kỹ thuật (TA): kỹ năng giao dịch (mua/bán); kỹ năng đầu tư. Được đào tạo trở thành các Chuyên gia tư vấn đầu tư, Quản lý tài sản trong tương lai.
Các ứng viên chưa có kinh nghiệm hoặc dưới 1 năm kinh nghiệm nhưng có năng lực sẽ được xem xét tuyển chọn vào chương trình học việc, cộng tác viên phát triển khách hàng; có chỗ ngồi làm việc và được đào tạo để trở thành Chuyên viên chính thức trong vòng 3-6 tháng.",Thứ 2 - Thứ 6 (từ 08:00 đến 17:00),ngan-hang
Thiết Kế 3D Nội - Ngoại Thất Và Quảng Cáo - Thu Nhập Lên Đến 25tr/Tháng,https://www.topcv.vn/viec-lam/thiet-ke-3d-noi-ngoai-that-va-quang-cao-thu-nhap-len-den-25tr-thang/2063651.html?ta_source=JobSearchList_LinkDetail&u_sr_id=cCNMsXPhX6xAV7jFLN0mif2ba1I9pydZm7ZpMhDn_1780366870,CÔNG TY CỔ PHẦN SMART A VIỆT NAM,"1398 Nguyễn Cửu Phú, Xã Tân Kiên, Huyện Bình Chánh, Thành phố Hồ Chí Minh, Việt Nam",2026-06-02 09:24:17,Thiết kế đồ họa,74bc3ac50522da61c6433146d8b45466,17/06/2026,False,10 - 25 triệu,10000000.0,250000000.0,range,,False,Hồ Chí Minh,Cao đẳng,,"SketchUp, 3Ds Max, AutoCAD, Enscape, Vantage, Adobe Illustrator, Photoshop",,,,Không yêu cầu,4 năm,"Thiết kế nội thất, Marketing / Quảng cáo, Thiết kế / Kiến trúc","4 năm kinh nghiệm chuyên môn, Tuổi 25 - 40, Cao Đẳng trở lên","Thiết kế & Diễn họa 3D:
Sáng tạo ý tưởng và triển khai phối cảnh 3D nội - ngoại thất cho: Gian hàng sự kiện (Event booth), quầy kệ trưng bày (POSM), hệ thống nhận diện Store/Showroom/Văn phòng.
Sử dụng thành thạo Sketchup kết hợp các trình Render chuyên nghiệp (Enscape / Vantage hoặc tương đương) để tạo ra hình ảnh chất lượng cao, thực tế.
Thiết kế Maquette & In ấn (2D):
Lên phương án thiết kế đồ họa 2D, layout in ấn cho các hạng mục quảng cáo.
Sử dụng thành thạo Adobe Illustrator (AI) và xử lý hình ảnh cơ bản trên Photoshop.
Triển khai Kỹ thuật & Sản xuất:
Sử dụng CorelDraw để bóc tách bản vẽ chi tiết, lên phương án sản xuất và thi công tối ưu cho xưởng.
Biết sử dụng AutoCAD để phối hợp bản vẽ kỹ thuật là một lợi thế lớn.
Chịu trách nhiệm xuất file chuẩn kỹ thuật cho các máy sản xuất: In Hiflex, Decal, máy cắt CNC, Laser...
Quản lý Chất liệu & Giải pháp:
Đề xuất các phương án sử dụng vật tư phù hợp (Led, Mica, Bạt, Decal, Formex...) để đảm bảo tính thẩm mỹ và ngân sách dự án.
Phối hợp chặt chẽ với bộ phận Sản xuất để giám sát chất lượng sản phẩm thực tế so với thiết kế.","Tốt nghiệp Đại học chuyên ngành thiết kế/ kiến trúc hoặc bằng cấp chuyên môn tương đương
Sử dụng thành thạo SketchUp (bắt buộc), cùng các phần mềm như 3Ds Max, AutoCAD, Enscape, Photoshop hoặc các công cụ tương đương.
Am hiểu các vật liệu trong ngành quảng cáo là một lợi thế
Sử dụng tin học văn phòng: Word, Excel, Power Point để bổ trợ cho công việc.
Có tư duy thẩm mỹ hiện đại, khả năng sáng tạo và triển khai ý tưởng tốt.
Có tinh thần tìm tòi, cập nhật công nghệ mới để ứng dụng vào công việc.
Ưu tiên ứng viên có khả năng ứng dụng AI vào thiết kế và tối ưu hiệu quả công việc.
Có trách nhiệm, chịu khó, mong muốn phát triển lâu dài.","Tham gia Bảo hiểm xã hội, bảo hiểm y tế, bảo hiểm thất nghiệp theo đúng Luật Lao động hiện hành
Lương tháng 13
Chế độ team building, nghỉ dưỡng hàng năm.
Làm việc trực tiếp với các khách hàng tổ chức chuyên nghiệp, các công ty đa quốc gia và tập đoàn lớn Việt Nam ....","Thứ 2 - Thứ 7 (từ 08:30 đến 17:30)
Thứ 2 đến thứ 6: 8h30 đến 17h30
Sáng thứ 7 làm việc Online",thiet-ke
UI/UX Designer,https://www.topcv.vn/viec-lam/ui-ux-designer/2184232.html?ta_source=JobSearchList_LinkDetail&u_sr_id=cCNMsXPhX6xAV7jFLN0mif2ba1I9pydZm7ZpMhDn_1780366870,CÔNG TY CỔ PHẦN CAR DOCTOR VIỆT NAM,"29 BT1, Khu đô thị Mễ Trì Hạ, Phường Mễ Trì, Quận Nam Từ Liêm, Thành phố Hà Nội, Việt Nam",2026-06-02 09:24:48,Thiết kế đồ họa,97bae4f6c391f35ae8a7be11f9c02165,31/07/2026,False,Thoả thuận,,,negotiable,,False,Hà Nội,Đại học,,"Figma, Adobe XD, Photoshop, Ill",,,,Không yêu cầu,4 năm,UI/UX Design,"4 năm kinh nghiệm chuyên môn, Đại Học trở lên","Đồng hành cùng PO & Product team để phân tích nhu cầu người dùng, xác định user
journey, pain points, từ đó đưa ra các giải pháp thiết kế tối ưu về trải nghiệm.
Thiết kế wireframe, prototype và giao diện cho Web & Mobile App để truyền đạt ý
tưởng rõ ràng, trực quan
Xây dựng, cập nhật Design System; đảm bảo mọi yếu tố UI/UX tuân theo chuẩn thiết
kế tốt nhất
Thực hiện UX research, usability testing, khảo sát người dùng khi cần để đưa ra quyết
định dựa trên dữ liệu.
Hợp tác chặt chẽ với các bộ phận sản phẩm, công nghệ, marketing để đảm bảo sản
phẩm mang lại trải nghiệm người dùng tốt nhất.
Theo dõi và cập nhật các xu hướng thiết kế, công nghệ và hành vi người dùng mới để
áp dụng vào sản phẩm.","Tối thiểu 4-5 năm kinh nghiệm thiết kế UI/UX, ưu tiên các kinh nghiệm mobile design.
Có kinh nghiệm làm việc trong công ty Product hoặc trực tiếp tham gia phát triển sản
phẩm số (mobile/web).
Tư duy logic, có khả năng phản biện và phân tích yêu cầu từ góc nhìn người dùng.
Kỹ năng sử dụng Figma ở mức chuyên gia (Mastering Auto Layout, Variables, Variants,
Components...), thành thạo Adobe XD, Photoshop và Ill
Tuân thủ tuyệt đối Design System và UI Guidelines đã được định sẵn.
Tư duy ""Pixel-perfect"" và thói quen quản lý file, đặt tên Layer, Section khoa học.
Tốc độ làm việc nhanh, đáp ứng được khối lượng lớn các màn hình con (Sub- screens)
và các trạng thái (States) của UI.
Kỹ năng Hand-off (bàn giao thiết kế) cho Developer rõ ràng, gọn gàng và đầy đủ ghi
chú.
Ưu tiên người có tính cẩn thận, tỉ mỉ trong từng chi tiết thiết kế.
Ưu tiên ứng viên có kinh nghiệm với UX Research (interview, usability testing, survey,
phân tích hành vi người dùng...).
Kỹ năng giao tiếp tốt, có khả năng truyền đạt ý tưởng rõ ràng tới các bên liên quan (dev,
PO, marketing...).
Chủ động, cầu thị, yêu thích sản phẩm, không ngừng nâng cao trải nghiệm người dùng.","Chế độ đãi ngộ
Lương thỏa thuận cạnh tranh theo năng lực;
Lương tháng 13;
Khám sức khỏe định kỳ theo quy định của Công ty;
Thưởng các dịp lễ 2/9 và Tết dương lịch;
Chính sách thăm hỏi toàn diện cho nhân sự: sinh nhật, kết hôn, sinh con, ốm đau,...
Y tế: Bảo hiểm xã hội, bảo hiểm sức khỏe Bảo Việt
Được cấp laptop, màn hình và các thiết bị/tài khoản/công cụ cần thiết khác cho công việc
Phát triển sự nghiệp
Đánh giá tăng lương và thăng tiến hàng năm• Lộ trình sự nghiệp đa dạng: Cơ hội quản lý hoặc chuyên gia và luân chuyển chức năng
Tham gia các buổi đào tạo chuyên môn và cập nhật các xu hướng công nghệ TechTalk tổ chức định kỳ;
Được công nhận và khen thưởng ở cấp độ đội nhóm và tổ chức;
Môi trường làm việc
Không gian làm việc mở và khuyến khích hợp tác thúc đẩy phát triển năng lực cá nhân ở mức độ cao nhất;
Môi trường, văn hóa làm việc sáng tạo, hiệu suất cao;
Công ty có cafe riêng: chiết khấu 50% cho CBNV;
Teambuilding hàng quý/hàng năm và các sự kiện nội bộ hấp dẫn.",Thứ 2 - Thứ 6 (từ 08:00 đến 17:30),thiet-ke
Thiết Kế 3D Nội-Ngoại Thất Và Quảng Cáo,https://www.topcv.vn/viec-lam/thiet-ke-3d-noi-ngoai-that-va-quang-cao/2182394.html?ta_source=JobSearchList_LinkDetail&u_sr_id=cCNMsXPhX6xAV7jFLN0mif2ba1I9pydZm7ZpMhDn_1780366870,CÔNG TY CỔ PHẦN SMART A VIỆT NAM,"1398 Nguyễn Cửu Phú, Xã Tân Kiên, Huyện Bình Chánh, Thành phố Hồ Chí Minh, Việt Nam",2026-06-02 09:25:17,Thiết kế đồ họa,4f6e7fc911076b84f36dcab6aa07d89d,30/06/2026,False,Thoả thuận,,,negotiable,,False,Hồ Chí Minh,Cao đẳng,,"SketchUp, 3Ds Max, AutoCAD, Enscape, Photoshop, CorelDraw",,,,Không yêu cầu,4 năm,"Thiết kế nội thất, Marketing / Quảng cáo, Thiết kế / Kiến trúc","4 năm kinh nghiệm chuyên môn, Tuổi 25 - 40, Cao Đẳng trở lên","Thiết kế & Diễn họa 3D:
Sáng tạo ý tưởng và triển khai phối cảnh 3D nội - ngoại thất cho: Gian hàng sự kiện (Event booth), quầy kệ trưng bày (POSM), hệ thống nhận diện Store/Showroom/Văn phòng.
Sử dụng thành thạo Sketchup kết hợp các trình Render chuyên nghiệp (Enscape / Vantage hoặc tương đương) để tạo ra hình ảnh chất lượng cao, thực tế.
Thiết kế Maquette & In ấn (2D):
Lên phương án thiết kế đồ họa 2D, layout in ấn cho các hạng mục quảng cáo.
Sử dụng thành thạo Adobe Illustrator (AI) và xử lý hình ảnh cơ bản trên Photoshop.
Triển khai Kỹ thuật & Sản xuất:
Sử dụng CorelDraw để bóc tách bản vẽ chi tiết, lên phương án sản xuất và thi công tối ưu cho xưởng.
Biết sử dụng AutoCAD để phối hợp bản vẽ kỹ thuật là một lợi thế lớn.
Chịu trách nhiệm xuất file chuẩn kỹ thuật cho các máy sản xuất: In Hiflex, Decal, máy cắt CNC, Laser...
Quản lý Chất liệu & Giải pháp:
Đề xuất các phương án sử dụng vật tư phù hợp (Led, Mica, Bạt, Decal, Formex...) để đảm bảo tính thẩm mỹ và ngân sách dự án.
Phối hợp chặt chẽ với bộ phận Sản xuất để giám sát chất lượng sản phẩm thực tế so với thiết kế.","Tốt nghiệp Cao Đẳng, Đại học chuyên ngành thiết kế/ kiến trúc hoặc bằng cấp chuyên môn tương đương
Sử dụng thành thạo SketchUp (bắt buộc), cùng các phần mềm như 3Ds Max, AutoCAD, Enscape, Photoshop hoặc các công cụ tương đương.
Am hiểu các vật liệu trong ngành quảng cáo là một lợi thế
Sử dụng tin học văn phòng: Word, Excel, Power Point để bổ trợ cho công việc.
Có tư duy thẩm mỹ hiện đại, khả năng sáng tạo và triển khai ý tưởng tốt.
Có tinh thần tìm tòi, cập nhật công nghệ mới để ứng dụng vào công việc.
Ưu tiên ứng viên có khả năng ứng dụng AI vào thiết kế và tối ưu hiệu quả công việc.
Có trách nhiệm, chịu khó, mong muốn phát triển lâu dài.","Tham gia Bảo hiểm xã hội, bảo hiểm y tế, bảo hiểm thất nghiệp theo đúng Luật Lao động hiện hành
Lương tháng 13
Chế độ team building, nghỉ dưỡng hàng năm.
Làm việc trực tiếp với các khách hàng tổ chức chuyên nghiệp, các công ty đa quốc gia và tập đoàn lớn Việt Nam ....",Thứ 2 - Thứ 7 (từ 08:00 đến 17:30),thiet-ke
Visual Decoration Designer (2D/3D Designer),https://www.topcv.vn/viec-lam/visual-decoration-designer-2d-3d-designer/1654764.html?ta_source=JobSearchList_LinkDetail&u_sr_id=cCNMsXPhX6xAV7jFLN0mif2ba1I9pydZm7ZpMhDn_1780366870,CÔNG TY TNHH LOTTE PROPERTIES HÀ NỘI (LOTTE MALL WEST LAKE HANOI),"Lotte Mall West Lake Hanoi, No. 683 Lạc Long Quân, Phường Phú Thượng, Quận Tây Hồ, Thanh phố Hà Nội, Việt Nam",2026-06-02 09:25:38,Thiết kế đồ họa,89c205808279fe00e28f95b8df09d294,13/06/2026,False,Thoả thuận,,,negotiable,,False,Hà Nội,Đại học,,"2D Design software, 3D Design (knowledge a plus)","Strong understanding of design principles, Ability to work independently and collaborate well in a team environment",,,Không yêu cầu,4 năm,"Thiết kế đồ họa (Graphic Design), Bán lẻ - Hàng tiêu dùng - FMCG, Bất động sản, Thiết kế / Kiến trúc","4 năm kinh nghiệm chuyên môn, Đại Học trở lên","1. Decoration Design
- Concept Visual for Seasonal Visual Merchandise: Research agency, vendors and contractors for concept design, VM design and manufacture; Preparation of design proposal, manage key visual design and installation in Shopping Mall.
- Adaptation design, manufacture & installation of seasonal Visual Merchandise from Head Quarter suitable for Shopping Mall.
- Be responsible for display merchandise activities in Shopping Mall; Support VM of brands.
- Propose and consultation display idea, research merchandise trend, art collaboration; Work with suppliers related to realize display products as concept plan.
- Manufacture vendor management works with the process: Confirm drawing, track timeline, quality control, installation on site, conduct final acceptance.
2. Graphic Design
- Adaptation and installation of seasonal ISP from Head Quarter suitable for Shopping Mall area (NECO, banner, door and escalator graphics, etc.)
- Support design graphic ISP follow seasonal concept visual.
- Collaborate with the Sales Planning & Marketing Team to conceptualize, design and coordinate production of all promotion, events, gifts related to yearly marketing campaign.
3. Space Design
- Propose and consultation idea of renovation design & installation methods for space design in shopping mall.","- Bachelor’s degree in Graphic Design, Visual Arts, or a related field.
- At least 4 years of experience in the relevant position, preferably in the Retail, Shopping Mall. Commercial field
- Proficiency in 2D Design software; Knowledge of 3D Design is a plus;
- Strong understanding of design principles (color theory, typography, composition, etc.) to retail consumer engagement; Have knowledge about printing, materials, etc.
- Ability to work independently and collaborate well in a team environment;
- Proficient in English.
- Application submission: Resume with a portfolio showcasing design projects.","- Competitive salary package, open for negotiation: Salary, allowance, 13th month bonus salary, gift, annual salary review
- Training & development: Personal development course, professional training course, solf skill training course...
- 15 paid-leave annually; Social, Health, Unemployment insurance
- Health care scheme: PVI Health insurance; Annual health check
- Caring & Sharing: Birthday, Wedding, Child birth, Funeral, Full Moon, Women Day, Lunar New Year, Children Day...
- Lunch/Dinner at canteen; Free motorbike parking; Perdiem for Business Trip; Team building Activities",Thứ 2 - Thứ 6 (từ 08:30 đến 17:30),thiet-ke
Senior Designer,https://www.topcv.vn/viec-lam/senior-designer/2079013.html?ta_source=JobSearchList_LinkDetail&u_sr_id=cCNMsXPhX6xAV7jFLN0mif2ba1I9pydZm7ZpMhDn_1780366870,CÔNG TY CỔ PHẦN THE NEW DISTRICT,"546 Lê Văn Lương, Phường Tân Hưng, TP Hồ Chí Minh, Việt Nam",2026-06-02 09:26:08,Thiết kế đồ họa,cce557671d860bc13f06bed82e179c22,16/06/2026,False,13 - 16 triệu,13000000.0,16000000.0,range,,False,Hồ Chí Minh,Đại học,,"Adobe Photoshop, Adobe Illustrator, After Effects",,,,Không yêu cầu,4 năm,"Thiết kế đồ họa (Graphic Design), Marketing / Quảng cáo","4 năm kinh nghiệm chuyên môn, Đại Học trở lên","Phát triển concept và visual design cho các chiến dịch marketing và truyền thông thương hiệu.
Thiết kế và sản xuất các ấn phẩm truyền thông đa nền tảng, bao gồm:
POSM: banner, standee, voucher, booth, vật phẩm sự kiện...
Digital: Facebook, Instagram, TikTok, YouTube và các nền tảng social media.
Thiết kế key visual campaign, social post, banner digital và các ấn phẩm marketing phục vụ hoạt động truyền thông.
Tham gia cùng team Marketing trong việc lên ý tưởng sáng tạo, định hướng visual và triển khai concept cho chiến dịch.
Đề xuất concept trang trí, bố trí không gian cho các hoạt động, sự kiện hoặc activation.
Đảm bảo sự đồng bộ hình ảnh và nhận diện thương hiệu trên toàn bộ hệ thống ấn phẩm truyền thông.
Phối hợp với team Marketing, Content, Media và Production để triển khai chiến dịch hiệu quả.","2.1. Kinh nghiệm
Tối thiểu 4-5 năm kinh nghiệm trong lĩnh vực thiết kế đồ họa.
Ưu tiên ứng viên từng làm tại Agency quảng cáo hoặc brand trong lĩnh vực Fitness/Gym, Lifestyle.
2.2. Kỹ năng chuyên môn
Thành thạo các phần mềm thiết kế:
Adobe Photoshop
Adobe Illustrator
After Effects
Có khả năng thiết kế các ấn phẩm:
Proposal
Company Profile
Brochure
POSM / Standee / ấn phẩm marketing
2.3. Tư duy sáng tạo
Có tư duy creative mạnh, khả năng phát triển concept visual cho campaign.
Có gu thẩm mỹ tốt về bố cục, màu sắc, typography và hình ảnh.
Hiểu và cập nhật xu hướng visual trên social media, đặc biệt là Facebook & TikTok.
Phong cách làm việc
Có tinh thần chủ động đề xuất ý tưởng và giải pháp sáng tạo.
Chủ động tìm kiếm reference và cập nhật xu hướng thiết kế.
Có khả năng teamwork tốt và phối hợp hiệu quả với nhiều bộ phận.
Có thế mạnh về Creative Production và phát triển visual cho campaign.","Mức lương cạnh tranh theo năng lực.
Được tham gia đầy đủ BHXH, BHYT, nghỉ lễ tết, nghỉ phép năm... theo quy định của nhà nước.
Môi trường làm việc trẻ trung, năng động, sáng tạo.
Cơ hội thăng tiến cao, tăng lương theo định kỳ và năng lực.
Tham gia teambuilding, du lịch, hoạt động thể thao,..
Được tập Gym miễn phí tại các chi nhánh The New Gym trên toàn quốc.",,thiet-ke
Senior 3D Designer,https://www.topcv.vn/viec-lam/senior-3d-designer/1998647.html?ta_source=JobSearchList_LinkDetail&u_sr_id=cCNMsXPhX6xAV7jFLN0mif2ba1I9pydZm7ZpMhDn_1780366870,CHI NHÁNH CÔNG TY CỔ PHẦN ST EVENT,228 Bùi Hữu Nghĩa,2026-06-02 09:26:32,Thiết kế đồ họa,5c95619c8262c90ac702e063acadd938,12/06/2026,False,Thoả thuận,,,negotiable,,False,Hồ Chí Minh,Cao đẳng,,"3D Modeler, Marketing / Quảng cáo, Mỹ thuật / Nghệ thuật / Điện ảnh, Thiết kế / Kiến trúc",,,,Không yêu cầu,4 năm,"3D Modeler, Marketing / Quảng cáo, Mỹ thuật / Nghệ thuật / Điện ảnh, Thiết kế / Kiến trúc","4 năm kinh nghiệm chuyên môn, Cao Đẳng trở lên","• Tham gia các buổi brainstorming cùng đội ngũ dự án nhằm đề xuất ý tưởng sáng tạo phù hợp với định hướng và concept tổng thể của dự án.
• Tìm kiếm và tổng hợp thông tin liên quan đến các dự án được phân công; nghiên cứu insight khách hàng, thương hiệu, phong cách thiết kế của khách hàng; cập nhật xu hướng thiết kế, ý tưởng, công nghệ và vật liệu mới phù hợp cho việc triển khai dự án.
• Phác thảo và vẽ tay ý tưởng thiết kế dưới dạng 3D.
• Trình bày ý tưởng và bố cục thiết kế 3D cho đội ngũ dự án.
• Xây dựng và phát triển bản vẽ layout 3D.
• Thiết kế 3D các hạng mục sự kiện: sân khấu, cổng chào, khu vực photobooth, khu vực trò chơi, khu triển lãm, bố trí không gian nội thất...
• Thực hiện render hình ảnh 3D.
• Thực hiện render clip/animation 3D.
• Hoàn thiện và bàn giao artwork cuối cùng cùng bản vẽ kỹ thuật trước khi đưa vào sản xuất.
• Nghiên cứu và phân tích các công nghệ mới trong lĩnh vực quảng cáo; chọn lọc và xác định những thông tin then chốt phục vụ cho quá trình phát triển ý tưởng.
• Quản lý nhân sự và định hướng nghệ thuật 3D cho đội ngũ.","• Tối thiểu 04 năm kinh nghiệm làm việc liên quan trong lĩnh vực sự kiện.
• Thành thạo các phần mềm đồ họa phục vụ công việc: vẽ tay/phác thảo (Sketch), Autodesk 3ds Max hoặc Autodesk Maya, SketchUp; biết hoặc thành thạo các phần mềm render như Lumion, Unreal Engine (UE) và một số phần mềm 2D hỗ trợ khác như Photoshop (PS), Illustrator (AI).
• Có kiến thức và/hoặc kinh nghiệm sử dụng các phần mềm ánh sáng sân khấu; khả năng dựng Film/Video là một lợi thế lớn (Premiere, After Effects).
• Có kinh nghiệm thiết kế 3D cho các dự án sự kiện, đã từng làm việc với nhiều thương hiệu.
• Có kinh nghiệm dựng phối cảnh, modeling nhân vật low poly, high poly.
• Có hiểu biết và kiến thức về âm thanh, ánh sáng và vật liệu sân khấu.","• Làm việc trong môi trường năng động, sáng tạo và có nhịp độ nhanh.
• Thưởng các dịp lễ lớn, đặc biệt là Tết và các dịp lễ quan trọng khác.
• Mức lương cạnh tranh, kèm theo các khoản thưởng dựa trên kết quả kinh doanh của công ty và hiệu quả làm việc cá nhân.
• Tham gia chương trình chăm sóc sức khỏe PTI; được đóng đầy đủ bảo hiểm xã hội, bảo hiểm y tế và bảo hiểm thất nghiệp theo quy định của Nhà nước.
• Tham gia các hoạt động gắn kết nội bộ: du lịch công ty, Year End Party, các buổi mini party,...",Thứ 2 - Thứ 6 (từ 09:00 đến 18:00),thiet-ke
Chuyên Viên Thiết Kế,https://www.topcv.vn/viec-lam/chuyen-vien-thiet-ke/2178260.html?ta_source=JobSearchList_LinkDetail&u_sr_id=cCNMsXPhX6xAV7jFLN0mif2ba1I9pydZm7ZpMhDn_1780366870,CÔNG TY TNHH VETC DIGITAL,"Tầng 11, tòa nhà Tasco, Lô HH2-2, đường Phạm Hùng, Phường Từ Liêm, Thành phố Hà Nội, Việt Nam",2026-06-02 09:26:54,Thiết kế đồ họa,1e4eec2403475d6dcd2eadede95568e7,26/06/2026,False,Thoả thuận,,,negotiable,,False,Hà Nội,Đại học,,"Adobe Photoshop, Illustrator, After Effects, Figma, Motion Graphics, Video Editing",,,,Không yêu cầu,4 năm,"Thiết kế đồ họa (Graphic Design), Thiết kế / Kiến trúc","4 năm kinh nghiệm chuyên môn, Đại Học trở lên","Thiết kế các ấn phẩm truyền thông phục vụ hoạt động branding và marketing như: KV campaign, social post, banner digital, landing page, POSM, brochure, catalogue, back, standee, OOH, presentation, proposal,...
Phối hợp cùng team Marketing xây dựng concept hình ảnh cho các chiến dịch truyền thông theo đúng định hướng thương hiệu.
Thực hiện dựng video motion graphic, animation và hỗ trợ chỉnh sửa video phục vụ social media, sự kiện thương hiệu.
Đảm bảo chất lượng hình ảnh đầu ra, kiểm soát tính thẩm mỹ và sự đồng nhất visual trên toàn bộ nền tảng truyền thông.
Làm việc với production, agency và các đối tác liên quan trong quá trình triển khai thiết kế, in ấn và sản xuất hình ảnh/video.
Chủ động cập nhật xu hướng thiết kế, motion và visual hiện đại để ứng dụng vào các hoạt động truyền thông thương hiệu.","Tối thiểu 4 năm kinh nghiệm ở vị trí Designer/Senior Designer.
Ưu tiên ứng viên từng làm việc trong các lĩnh vực như ngân hàng, tài chính, bất động sản, công nghệ, thời trang cao cấp hoặc các tập đoàn/thương hiệu lớn.
Thành thạo các công cụ thiết kế như Adobe Photoshop, Illustrator, After Effects, Figma,...
Có khả năng dựng video motion và edit video ở mức tốt; tư duy hình ảnh hiện đại, nhạy bén với xu hướng thiết kế mới.
Có hiểu biết về branding, layout, typography, màu sắc và tư duy thiết kế đa nền tảng.
Có khả năng quản lý thời gian, chịu được áp lực công việc cường độ cao.
Có portfolio đính kèm khi ứng tuyển","THU NHẬP
Mức lương theo năng lực
Gói thu nhập 14-16 tháng lương/ năm
Xét tăng lương theo năng lực và kết quả công việc định kỳ 1 lần/ năm hoặc tăng lương đột xuất theo hiệu quả công việc
BẢO HIỂM VÀ CHÍNH SÁCH PHÚC LỢI
Chế độ Bảo hiểm sức khỏe cho bản thân và người nhà
Nghỉ thứ Bảy, Chủ nhật hàng tuần
Du lịch, Teambuilding/ dã ngoại định kỳ hàng năm
Chế độ mừng sinh con, quà nhân ngày Lễ/ Tết, quà ngày truyền thống và các chế độ phúc lợi khác
CHẾ ĐỘ ĐÀO TẠO
Tham gia các khóa đào tạo chuyên môn, nâng cao kỹ năng thực hiện công việc, kỹ năng mềm và thi các chứng chỉ CNTT Quốc tế miễn phí tại Công ty
Được tham gia các chương trình đào tạo trước khi bắt đầu công việc và trong quá trình làm việc theo yêu cầu công việc
Chính sách phát triển, thăng tiến có lộ trình theo từng vị trí, từng phòng ban
Cơ hội tiếp cận với các công nghệ mới nhất: Cloud, Big data…","Thứ 2 - Thứ 6 (từ 08:00 đến 17:30)
Thứ 2 - Thứ 6 (từ 08:30 đến 18:00)",thiet-ke
Art Leader (Mảng F&B),https://www.topcv.vn/viec-lam/art-leader-mang-fb/2166464.html?ta_source=JobSearchList_LinkDetail&u_sr_id=cCNMsXPhX6xAV7jFLN0mif2ba1I9pydZm7ZpMhDn_1780366870,CÔNG TY TNHH THƯƠNG MẠI VÀ DỊCH VỤ ĐỒ UỐNG VIETBLEND,"Số 10/1, ngõ 55 Huỳnh Thúc Kháng, P. Láng, Hà Nội",2026-06-02 09:27:24,Thiết kế đồ họa,5f264b5135f26e36cf2b6061e4e10909,18/06/2026,False,20 - 25 triệu,20000000.0,25000000.0,upto,,False,Hà Nội,Đại học,,"Adobe Creative Suite: Illustrator, Photoshop, InDesign, Figma",,,,Không yêu cầu,4 năm,Thiết kế đồ họa (Graphic Design),"4 năm kinh nghiệm chuyên môn, Đại Học trở lên","1.Dẫn dắt team và định hướng sáng tạo
Quản lý và phát triển team thẩm mỹ hình ảnh gồm 4–5 người: phân công, review, coaching và xây dựng năng lực sáng tạo cho từng thành viên
Thiết lập tiêu chuẩn chất lượng hình ảnh cho toàn bộ đầu ra của team — từ digital đến print, từ social content đến ấn phẩm thương mại
Lên kế hoạch và theo dõi tiến độ dự án, đảm bảo team đúng chất lượng và đúng deadline
2.Xây dựng và bảo vệ bản sắc hình ảnh thương hiệu
Phát triển và duy trì Brand Visual Identity (BVI) nhất quán cho thương hiệu
Xây dựng Brand Guidelines: bộ quy chuẩn màu sắc, typography, hệ thống icon, tone & mood hình ảnh cho từng thương hiệu
Là người gác cổng thẩm mỹ cuối cùng: phê duyệt mọi ấn phẩm hình ảnh trước khi ra ngoài thị trường
3.Sản xuất và giám sát ấn phẩm đa nền tảng
Digital: bộ nhận diện mạng xã hội (Facebook, Instagram, TikTok), banner quảng cáo, email marketing, landing page
Offline: bao bì sản phẩm, menu, standee, backdrop, POSM, tài liệu bán hàng và thương mại
Tham gia xây dựng diện mạo thương hiệu tại các không gian thực — showroom, sự kiện và điểm trưng bày
Trực tiếp tham gia thiết kế thẩm mỹ không gian quán Phiên — từ concept màu sắc, vật liệu, ánh sáng đến từng ấn phẩm tại điểm bán
4.Chủ trì concept cho chiến dịch & ra mắt sản phẩm
Dẫn dắt quá trình lên visual concept cho các chiến dịch truyền thông, sự kiện thương hiệu và ra mắt sản phẩm mới
Định hướng phong cách chụp ảnh sản phẩm, food styling và nội dung video ngắn
Phối hợp chặt chẽ với team Content & Marketing để hình ảnh và thông điệp luôn cộng hưởng, không chỉ song song
5.Theo dõi xu hướng & nghiên cứu thị trường thẩm mỹ
Cập nhật liên tục xu hướng thiết kế F&B trong và ngoài nước, đặc biệt các thương hiệu lifestyle và bản địa
Phân tích hình ảnh đối thủ và thị trường; đề xuất hướng phát triển để thương hiệu luôn dẫn trước về mặt thẩm mỹ","Học vấn, tốt nghiệp Đại học chuyên ngành Thiết kế Đồ họa, Mỹ thuật Ứng dụng hoặc các ngành liên quan.
Tối thiểu 4 năm kinh nghiệm thiết kế, trong đó có ít nhất 1–2 năm kinh nghiệm quản lý team hoặc dẫn dắt nhóm sáng tạo
Thành thạo Adobe Creative Suite: Illustrator, Photoshop, InDesign; sử dụng được Figma
Portfolio đa dạng, thể hiện rõ gout thẩm mỹ cá nhân và khả năng định hướng hình ảnh thương hiệu
Tư duy hệ thống: có khả năng xây dựng brand language và duy trì nó nhất quán xuyên suốt nhiều touchpoint
Kỹ năng lãnh đạo: truyền cảm hứng, phản hồi mang tính xây dựng, và nâng tầm năng lực sáng tạo cho team
Chủ động, có tinh thần ownership cao, quản lý được nhiều dự án đồng thời","Mức thu nhập cạnh tranh trên thị trường, mức lương từ 20M-25M/tháng
Nghỉ phép, hưởng các ngày lễ theo luật và thưởng theo hiệu quả công việc.
Tham gia bảo hiểm xã hội và công đoàn theo quy định địa phương.
Môi trường làm việc trẻ trung, năng động và hỗ trợ phát triển kỹ năng cũng như cơ hội networking.
Tự chủ trong công việc, được tự do đề xuất và triển khai các sáng kiến mới.
Đào tạo và phát triển liên tục, đặc biệt trong lĩnh vực F&B.","Thứ 2 - Thứ 6 (từ 08:00 đến 17:30)
Thứ 7 (từ 08:00 đến 12:00)",thiet-ke
2D Game Artist (Gabros Studio - Gamota),https://www.topcv.vn/viec-lam/2d-game-artist-gabros-studio-gamota/2178953.html?ta_source=JobSearchList_LinkDetail&u_sr_id=cCNMsXPhX6xAV7jFLN0mif2ba1I9pydZm7ZpMhDn_1780366922,Công ty Cổ phần Appota,"Tòa nhà LE Building số 11, ngõ 71, phố Láng Hạ, Phường Thành Công, Q. Ba Đình, Thành phố Hà Nội, Việt Nam",2026-06-02 09:27:45,Thiết kế đồ họa,0d3405c42fb87493f15b3f50015f72cc,26/06/2026,False,Thoả thuận,,,negotiable,,False,Hà Nội,Đại học,,"Game Design, Art, Animation, Dev, AI",,,,Không yêu cầu,5 năm,Game Design,"5 năm kinh nghiệm chuyên môn, Đại Học trở lên","Thực hiện vẽ mới và chỉnh sửa các thành phần trong game bao gồm:
Character, Assets, UI
cho các dự án đang phát triển.
Linh hoạt chuyển đổi và thể hiện tốt hai dòng style:
Semi-realistic
và
Anime
(Ưu tiên ứng viên mạnh về Semi-realistic và có khả năng vẽ Anime).
Hỗ trợ và backup cho bộ phận Animation, Dev và Game Design (GD) khi có các yêu cầu điều chỉnh về Art để đảm bảo tính kỹ thuật và thẩm mỹ đồng nhất.
Tiếp nhận, trao đổi và hoàn thành task đúng tiến độ. Chủ động ứng dụng công cụ AI vào quy trình làm việc để tối ưu hóa năng suất và chất lượng sản phẩm.
Chủ động đề xuất các giải pháp hình ảnh tối ưu, đóng góp ý kiến để nâng cấp chất lượng nghệ thuật của dự án.
Các công việc khác theo sự phân công của Leader.","Tốt nghiệp Đại học chuyên ngành mỹ thuật hệ chính quy (Mỹ thuật Công nghiệp, Yết Kiêu, Kiến trúc, Sư phạm Nghệ thuật TW...).
Tối thiểu
05 năm kinh nghiệm
làm Game. Portfolio có các sản phẩm gần gũi với phong cách Semireal hoặc Anime (nếu có).
Am hiểu thị trường Game trong và ngoài nước (đặc biệt là Mobile Game); có khả năng đọc hiểu nội dung và cơ chế game nhanh chóng.
Thành thạo các phần mềm đồ họa chuyên dụng và có kiến thức sử dụng AI như một công cụ hỗ trợ công việc hiệu quả.
Khả năng phân tích, tổng hợp thông tin tốt; tư duy tìm tòi và học hỏi nhanh; chịu được áp lực công việc cao.
Cẩn thận, tỉ mỉ, trung thực, có tinh thần trách nhiệm cao và khả năng thích nghi nhanh với môi trường mới.","Phúc lợi tài chính minh bạch và toàn diện
Chính sách xét điều chỉnh tăng lương 6 tháng/lần (Đánh giá theo hiệu xuất, kết quả công việc và năng lực);
Ghi nhận sự đóng góp
thông qua các khoản
thưởng phong phú, hấp dẫn
góp phần gia tăng thu nhập của nhân viên: Thưởng các ngày lễ 30/4-01/05, 02/09, Tết dương lịch, thưởng dự án, thưởng KPI, hiệu suất công việc hàng tháng, thưởng quý và lương tháng 13…;
Được hưởng các mức Bảo hiểm xã hội, Bảo hiểm y tế, Bảo hiểm thất nghiệp theo chế độ nhà nước ban hành;
Gói chăm sóc sức khỏe định kỳ hằng năm tại các Bệnh viện Đại học Y Hà Nội và Saigon Healthcare;
Chú trọng phát triển năng lực mỗi cá nhân
Chính sách hỗ trợ khuyến khích học tập, khen thưởng dành cho nhân viên đạt chứng chỉ đào tạo;
Được đào tạo và phát triển theo khung năng lực
và lộ trình nghề nghiệp của từng vị trí thông qua các khóa đào tạo miễn phí trên hệ thống đào tạo trực tuyến E-learning Appota, các khoá học hàng đầu của Coursera, Udemy;
Được tham gia các Workshop, Master talk, CEO talk
chia sẻ kiến thức và kinh nghiệm từ các chuyên gia trong và ngoài Công ty;
Có
lộ trình thăng tiến rõ ràng
. Chính sách luân chuyển công việc linh hoạt và cởi mở nhằm thúc đẩy nhân viên khám phá sức mạnh tiềm năng của bản thân và thử thách với những cơ hội mới.
Văn hóa làm việc độc đáo
Tại Appota, mỗi nhân viên sẽ được
làm việc mình thích, thích việc mình làm
với văn hóa
""No Boss Just Leader""
cùng 7 giá trị cốt lõi
IAPPOTA;
Mỗi cá nhân được
trao quyền
chủ động trong mọi việc, phát huy các thế mạnh, phá bỏ khuôn mẫu và sáng tạo theo phong cách riêng;
Được dẫn dắt, định hướng bởi định hướng bởi đội ngũ BOD có tầm với kim chỉ nam tập trung vào phát triển giá trị con người và tinh thần startup mạnh mẽ;
Môi trường trẻ trung, năng động và sáng tạo, nơi mọi ý tưởng táo bạo được đón nhận.
Trải nghiệm sự chăm sóc tinh thần tận tâm và chu đáo
Được chăm sóc tỉ mỉ từ những bữa ăn sáng, ăn chiều miễn phí với chi phí 2.000.000/người/tháng và tận hưởng không gian cafe hiện đại dành riêng cho nhân viên;
Được trải nghiệm các hoạt động gắn kết đa dạng: Các hoạt động team building, chương trình Friday Frenzy, Đại tiệc sinh nhật công ty kết hợp du lịch hàng năm lên tới 10.000.000/người/năm, hội Chợ Tết độc lạ và các hoạt động thể thao thường niên khác, …;
Được thỏa sức tham gia các câu lạc bộ đa sắc màu: CLB Yoga, Bóng đá, Game Esports, Cầu lông, Zumba…",Thứ 2 - Thứ 6 (từ 08:30 đến 18:00),thiet-ke
2D Game Artist (Gabros Studio),https://www.topcv.vn/viec-lam/2d-game-artist-gabros-studio/2178961.html?ta_source=JobSearchList_LinkDetail&u_sr_id=cCNMsXPhX6xAV7jFLN0mif2ba1I9pydZm7ZpMhDn_1780366922,CÔNG TY CỔ PHẦN GAMOTA,"5 Trần Bình Trọng, Phường Lê Lợi, Thành phố Qui Nhơn, Bình Định, Việt Nam",2026-06-02 09:28:05,Thiết kế đồ họa,a0d3335897bcdefa4c758a749f999f18,26/06/2026,False,Thoả thuận,,,negotiable,,False,Hà Nội,Đại học,,"Game Design, Art, Animation, Dev, AI",,,,Không yêu cầu,5 năm,Game Design,"5 năm kinh nghiệm chuyên môn, Đại Học trở lên","Thực hiện vẽ mới và chỉnh sửa các thành phần trong game bao gồm:
Character, Assets, UI
cho các dự án đang phát triển.
Linh hoạt chuyển đổi và thể hiện tốt hai dòng style:
Semi-realistic
và
Anime
(Ưu tiên ứng viên mạnh về Semi-realistic và có khả năng vẽ Anime).
Hỗ trợ và backup cho bộ phận Animation, Dev và Game Design (GD) khi có các yêu cầu điều chỉnh về Art để đảm bảo tính kỹ thuật và thẩm mỹ đồng nhất.
Tiếp nhận, trao đổi và hoàn thành task đúng tiến độ. Chủ động ứng dụng công cụ AI vào quy trình làm việc để tối ưu hóa năng suất và chất lượng sản phẩm.
Chủ động đề xuất các giải pháp hình ảnh tối ưu, đóng góp ý kiến để nâng cấp chất lượng nghệ thuật của dự án.
Các công việc khác theo sự phân công của Leader.","Tốt nghiệp Đại học chuyên ngành mỹ thuật hệ chính quy (Mỹ thuật Công nghiệp, Yết Kiêu, Kiến trúc, Sư phạm Nghệ thuật TW...).
Tối thiểu
05 năm kinh nghiệm
làm Game. Portfolio có các sản phẩm gần gũi với phong cách Semireal hoặc Anime (nếu có).
Am hiểu thị trường Game trong và ngoài nước (đặc biệt là Mobile Game); có khả năng đọc hiểu nội dung và cơ chế game nhanh chóng.
Thành thạo các phần mềm đồ họa chuyên dụng và có kiến thức sử dụng AI như một công cụ hỗ trợ công việc hiệu quả.
Khả năng phân tích, tổng hợp thông tin tốt; tư duy tìm tòi và học hỏi nhanh; chịu được áp lực công việc cao.
Cẩn thận, tỉ mỉ, trung thực, có tinh thần trách nhiệm cao và khả năng thích nghi nhanh với môi trường mới.","Phúc lợi tài chính minh bạch và toàn diện
Chính sách xét điều chỉnh tăng lương 6 tháng/lần (Đánh giá theo hiệu xuất, kết quả công việc và năng lực);
Ghi nhận sự đóng góp
thông qua các khoản
thưởng phong phú, hấp dẫn
góp phần gia tăng thu nhập của nhân viên: Thưởng các ngày lễ 30/4-01/05, 02/09, Tết dương lịch, thưởng dự án, thưởng KPI, hiệu suất công việc hàng tháng, thưởng quý và lương tháng 13…;
Được hưởng các mức Bảo hiểm xã hội, Bảo hiểm y tế, Bảo hiểm thất nghiệp theo chế độ nhà nước ban hành;
Gói chăm sóc sức khỏe định kỳ hằng năm tại các Bệnh viện Đại học Y Hà Nội và Saigon Healthcare;
Chú trọng phát triển năng lực mỗi cá nhân
Chính sách hỗ trợ khuyến khích học tập, khen thưởng dành cho nhân viên đạt chứng chỉ đào tạo;
Được đào tạo và phát triển theo khung năng lực
và lộ trình nghề nghiệp của từng vị trí thông qua các khóa đào tạo miễn phí trên hệ thống đào tạo trực tuyến E-learning Appota, các khoá học hàng đầu của Coursera, Udemy;
Được tham gia các Workshop, Master talk, CEO talk
chia sẻ kiến thức và kinh nghiệm từ các chuyên gia trong và ngoài Công ty;
Có
lộ trình thăng tiến rõ ràng
. Chính sách luân chuyển công việc linh hoạt và cởi mở nhằm thúc đẩy nhân viên khám phá sức mạnh tiềm năng của bản thân và thử thách với những cơ hội mới.
Văn hóa làm việc độc đáo
Tại Appota, mỗi nhân viên sẽ được
làm việc mình thích, thích việc mình làm
với văn hóa
""No Boss Just Leader""
cùng 7 giá trị cốt lõi
IAPPOTA;
Mỗi cá nhân được
trao quyền
chủ động trong mọi việc, phát huy các thế mạnh, phá bỏ khuôn mẫu và sáng tạo theo phong cách riêng;
Được dẫn dắt, định hướng bởi định hướng bởi đội ngũ BOD có tầm với kim chỉ nam tập trung vào phát triển giá trị con người và tinh thần startup mạnh mẽ;
Môi trường trẻ trung, năng động và sáng tạo, nơi mọi ý tưởng táo bạo được đón nhận.
Trải nghiệm sự chăm sóc tinh thần tận tâm và chu đáo
Được chăm sóc tỉ mỉ từ những bữa ăn sáng, ăn chiều miễn phí với chi phí 2.000.000/người/tháng và tận hưởng không gian cafe hiện đại dành riêng cho nhân viên;
Được trải nghiệm các hoạt động gắn kết đa dạng: Các hoạt động team building, chương trình Friday Frenzy, Đại tiệc sinh nhật công ty kết hợp du lịch hàng năm lên tới 10.000.000/người/năm, hội Chợ Tết độc lạ và các hoạt động thể thao thường niên khác, …;
Được thỏa sức tham gia các câu lạc bộ đa sắc màu: CLB Yoga, Bóng đá, Game Esports, Cầu lông, Zumba…",Thứ 2 - Thứ 6 (từ 08:30 đến 18:00),thiet-ke
Trưởng Bộ Phận Kinh Doanh (SPA),https://www.topcv.vn/viec-lam/truong-bo-phan-kinh-doanh-spa/2180764.html?ta_source=JobSearchList_LinkDetail&u_sr_id=pD2iRzx9Qc2H6NUGv07oi5dsDASHfRnZt0wYIaEM_1780367306,Công Ty Cổ Phần Đầu Tư An Thùy Anh - Tòa Nhà The Lancaster,"22 Lê Thánh Tôn, Phường Bến Nghé, Quận 1, Tp HCM",2026-06-02 09:31:30,Telesales,4f999656f085dbbfb61ce322b9d46300,27/06/2026,False,Thu nhập: 12 - 14 triệu,12000000.0,14000000.0,range,,False,Hồ Chí Minh,Trung cấp,,"Sales Nhà hàng/Khách sạn/Du lịch khác, Marketing / Quảng cáo, Chăm sóc sức khỏe / Làm đẹp, B2C, Telesales, Bán hàng tại cửa hàng/showroom, Direct Sales","Kỹ năng giao tiếp, đàm phán và thuyết phục xuất sắc, Khả năng xây dựng và duy trì mối quan hệ tốt với khách hàng, Chủ động, sáng tạo và có tinh thần trách nhiệm cao, Có khả năng làm việc độc lập và làm việc nhóm, Có khả năng sử dụng thành thạo các phần mềm văn phòng (MS Office, ...) và các công cụ hỗ trợ bán hàng, Khả năng quản lý thời gian và ưu tiên công việc tốt",,,Nữ,4 năm,"Sales Nhà hàng/Khách sạn/Du lịch khác, Marketing / Quảng cáo, Chăm sóc sức khỏe / Làm đẹp, B2C, Telesales, Bán hàng tại cửa hàng/showroom, Direct Sales","4 năm kinh nghiệm chuyên môn, Tuổi 28 - 35, Trung cấp trở lên, Nữ, Tiếng Anh Giao tiếp thành thạo","Quản lý tiền sảnh, quản lý bộ phận CSKH đảm bảo vận hành hiệu quả và tuân thủ theo quy định công ty.
Xây dựng kế hoạch phát triển kinh doanh, triển khai phân bổ điều phối công việc nhân viên trong bộ phận, đảm bảo tối ưu doanh thu theo KPIs
Xây dựng và duy trì mối quan hệ với các đối tác trong ngành khách sạn và du lịch.
Tìm kiếm và phát triển các cơ hội kinh doanh mới, mở rộng mạng lưới khách hàng.
Tư vấn và giới thiệu các sản phẩm, dịch vụ phù hợp với nhu cầu của khách hàng.
Đàm phán và thương lượng các điều khoản hợp đồng.
Theo dõi và báo cáo tiến độ kinh doanh, doanh số bán hàng.
Phối hợp với các bộ phận khác để đảm bảo sự hài lòng của khách hàng.
Tham gia vào việc xây dựng và triển khai các chiến lược bán hàng.
Chăm sóc và hỗ trợ khách hàng sau bán hàng.","Tốt nghiệp Trung cấp trở lên, ưu tiên các chuyên ngành Quản trị kinh doanh, Marketing hoặc các ngành liên quan.
Có ít nhất 4 năm kinh nghiệm trong lĩnh vực Sales ưu tiên trong ngành  ngành Spa, Massage trị liệu, có mối quan hệ tốt với hệ thống khách sạn hoặc du lịch.
Có kiến thức sâu rộng về thị trường và các xu hướng trong ngành.
Kỹ năng giao tiếp, đàm phán và thuyết phục xuất sắc.
Khả năng xây dựng và duy trì mối quan hệ tốt với khách hàng.
Có khả năng làm việc độc lập và làm việc nhóm.
Chủ động, sáng tạo và có tinh thần trách nhiệm cao.
Có khả năng sử dụng thành thạo các phần mềm văn phòng (MS Office, ...) và các công cụ hỗ trợ bán hàng.
Khả năng quản lý thời gian và ưu tiên công việc tốt.
Có khả năng thích ứng nhanh với môi trường làm việc thay đổi.","Mức lương cạnh tranh và hấp dẫn, thưởng theo hiệu quả công việc.
Cơ hội phát triển nghề nghiệp trong một môi trường chuyên nghiệp và năng động.
Cơ hội được đào tạo và nâng cao kiến thức chuyên môn.
Được hưởng đầy đủ các chế độ bảo hiểm theo quy định của pháp luật.","Thứ 2 - Chủ nhật (từ 09:00 đến 18:00)
Thứ 2 - Chủ nhật (từ 13:00 đến 22:00)
Tuần làm việc 6 ngày
Nghỉ 1 ngày không cố định trong tuần
Có mặt trước thời gian làm việc 15 phút",telesales
Livestream Supervisor,https://www.topcv.vn/viec-lam/livestream-supervisor/2176699.html?ta_source=JobSearchList_LinkDetail&u_sr_id=pD2iRzx9Qc2H6NUGv07oi5dsDASHfRnZt0wYIaEM_1780367306,Công ty TNHH AmorePacific Việt Nam,"72 Lê Thánh Tôn, P.Bến Nghé, Q.1,HCM",2026-06-02 09:31:57,Telesales,d3d0533c4804583220140677677641a9,31/07/2026,False,Thu nhập: Thoả thuận,,,negotiable,,False,Hồ Chí Minh,Cao đẳng,,"Vận hành Livestream, Thương mại điện tử, Bán lẻ - Hàng tiêu dùng - FMCG, B2C, Direct Sales, Online Sales, Telesales",,,,Nữ,4 năm,"Vận hành Livestream, Thương mại điện tử, Bán lẻ - Hàng tiêu dùng - FMCG, B2C, Direct Sales, Online Sales, Telesales","4 năm kinh nghiệm chuyên môn, Cao Đẳng trở lên, Nữ","Lên ý tưởng, xây dựng kịch bản livestream, đảm bảo nội dung hấp dẫn, thu hút người xem.
Quản lý đội ngũ livestream trên các nền tảng (TikTok, Facebook,Shopee...), xếp lịch, cải thiện chất lượng, đánh giá hiệu suất,...
Theo dõi và phân tích các chỉ số livestream (lượt xem, tương tác, doanh thu...) để đánh giá hiệu quả và đưa ra các điều chỉnh phù hợp.
Phối hợp với các bộ phận liên quan (marketing, sales,...) để đảm bảo sự thành công của các chiến dịch livestream.
Cập nhật xu hướng livestream, các nền tảng mạng xã hội và các công cụ hỗ trợ để nâng cao chất lượng livestream.","Có ít nhất 4 năm kinh nghiệm trong lĩnh vực livestream, đã từng làm streamer/host, từng quản lý team Host
Có khả năng lên kịch bản, xây dựng nội dung livestream sáng tạo, hấp dẫn.
Kỹ năng giao tiếp, ứng xử tốt, có khả năng tương tác và thu hút người xem.
Có kiến thức về các nền tảng livestream (TikTok, Facebook,...) và các công cụ hỗ trợ (OBS Studio, StreamYard,...).
Có khả năng làm việc theo ca, linh hoạt về thời gian.
Có khả năng chịu áp lực công việc và đạt được các mục tiêu doanh số.
Có khả năng sử dụng các công cụ chỉnh sửa video cơ bản là một lợi thế.","Mức lương cạnh tranh, thỏa thuận theo năng lực.
Cơ hội được làm việc trong môi trường năng động, sáng tạo và chuyên nghiệp.
Cơ hội được phát triển bản thân và nâng cao kỹ năng livestream.
Được tham gia các buổi đào tạo chuyên môn.
Được hưởng các chế độ bảo hiểm và phúc lợi theo quy định của pháp luật.
Cơ hội thăng tiến và phát triển sự nghiệp.",Thứ 2 - Thứ 6 (từ 09:00 đến 18:00),telesales
"Trưởng Phòng Kinh Doanh (Nam) - Tại Lái Thiêu, Bình Dương Cũ, Nhận Việc Ngay",https://www.topcv.vn/viec-lam/truong-phong-kinh-doanh-nam-tai-lai-thieu-binh-duong-cu-nhan-viec-ngay/856275.html?ta_source=JobSearchList_LinkDetail&u_sr_id=pD2iRzx9Qc2H6NUGv07oi5dsDASHfRnZt0wYIaEM_1780367358,CÔNG TY TNHH MTV THUẬN HIỀN,"431A Khu Phố Nguyễn Trãi, Phường Lái Thiêu (Thành phố Thuận An cũ) TPHCM",2026-06-02 09:33:57,Telesales,026993f446737a37ce6b4d81f5cc1dc5,30/06/2026,False,Thu nhập khi đạt 100% KPI: Thoả thuận,,,negotiable,,True,Hồ Chí Minh,Đại học,,"Bán hàng kỹ thuật cơ khí, B2B, Direct Sales, Telesales",,,,Nam,5 năm,"Bán hàng kỹ thuật cơ khí, B2B, Direct Sales, Telesales","5 năm kinh nghiệm chuyên môn, Không yêu cầu kinh nghiệm quản lý, Đại Học trở lên, Nam","Mô tả công việc:
Quản lý kinh doanh
Xây dựng kế hoạch kinh doanh theo tháng/quý/năm
Phân tích thị trường ngành gỗ và xu hướng đầu tư máy móc
Xây dựng chiến lược bán hàng và phát triển đại lý
Đề xuất chính sách giá, chiết khấu, bán hàng
Phát triển khách hàng
Tìm kiếm khách hàng nhà máy gỗ, nội thất, pallet, veneer...
Duy trì và chăm sóc khách hàng hiện hữu
Đàm phán hợp đồng và theo dõi tiến độ thực hiện
Quản lý đội ngũ
Tuyển dụng, đào tạo và đánh giá nhân viên sales
Giao KPI và theo dõi hiệu quả làm việc
Xây dựng quy trình bán hàng
Quản lý dự án bán hàng
Phối hợp với kỹ thuật trong tư vấn giải pháp máy
Theo dõi lắp đặt, nghiệm thu và công nợ
Giải quyết khiếu nại khách hàng
Báo cáo
Báo cáo doanh số, pipeline, forecast
Phân tích hiệu quả kinh doanh và đề xuất cải tiến","Trình độ
Tốt nghiệp Đại học các ngành:
Quản trị kinh doanh
Cơ khí
Tự động hóa
Chế biến gỗ
Marketing
Kinh nghiệm
Tối thiểu 5 năm kinh doanh B2B
Ít nhất 2 năm quản lý đội nhóm
Ưu tiên ngành:
Máy chế biến gỗ
Máy CNC
Tự động hóa công nghiệp","Quyền lợi:
-       Lương thử việc : 80% lương chính – Lương cao thoải thuận bao gồm BHXH và các chi phí theo luật định  ,hoa hồng thoả thuận .
-       Sau thời gian thử việc 1 tháng được đóng bảo hiểm đầy đủ theo quy định của pháp luật hiện hành.
-       Thời gian được tính lương thử việc khi nhân viên làm việc trên 20 ngày trong qui định thử việc.
-       Chế độ nâng lương ,thưởng , thưởng theo doanh số hàng năm.
-       Có cơ hội được đào tạo nâng cao trình độ.
-       Có cơ hội đi nước ngoài đào tạo .
-       Các chế độ phúc lợi khác theo quy định của công ty: BHXH, BHYT , chế độ phép ,du lịch.
-       Được cung cấp các phương tiện vật dụng phục vụ cho công tác kinh doanh.","Thứ 2 - Thứ 6 (từ 08:00 đến 17:00)
Thứ 7 (từ 08:00 đến 12:00)",telesales
Phó Phòng Kinh Doanh ( Thu Nhập Lên Đến 50 Triệu),https://www.topcv.vn/viec-lam/pho-phong-kinh-doanh-thu-nhap-len-den-50-trieu/1816427.html?ta_source=JobSearchList_LinkDetail&u_sr_id=pD2iRzx9Qc2H6NUGv07oi5dsDASHfRnZt0wYIaEM_1780367358,Công ty TNHH Hóa Chất Thành Thịnh,"Khu Đô Thị Lakeview City, Số 1-3 Đường số 17, Phường An Phú, Tp.Thủ Đức",2026-06-02 09:34:19,Telesales,fd22c30aabec041d7d720b0d4162a580,27/06/2026,False,Thu nhập: 25 - 50 triệu,25000000.0,50000000.0,range,,False,Hồ Chí Minh,Cao đẳng,,"Kinh doanh hoá chất, Công nghiệp hoá chất, B2B, B2C, Telesales, Direct Sales, Online Sales",,,,Nam,5 năm,"Kinh doanh hoá chất, Công nghiệp hoá chất, B2B, B2C, Telesales, Direct Sales, Online Sales, Bán hàng tại cửa hàng/showroom","5 năm kinh nghiệm chuyên môn, 2 năm kinh nghiệm quản lý, Tuổi 30 - 45, Cao Đẳng trở lên, Nam","- Quản lý điều phối phòng kinh doanh
- Tìm kiếm, duy trì và phát triển mạng lưới khách hàng và đối tác tiềm năng
- Xây dựng đưa ra các chiến lược kinh doanh nhằm mở rộng mạng lưới khách hàng
- Xây dựng quy trình, tài liệu bán hàng phục vụ cho phòng kinh doanh.
- Hướng dẫn, đào tạo, nhân viên về sản phẩm, cách thức bán hàng, tiếp cận khách hàng
- Nhận và xử lý các khiếu nại của khách hàng về chất lượng sản phẩm, thời gian giao hàng....
- Báo cáo lên các giám đốc về các vấn đề liên quan đến hoạt động phòng kinh doanh","- Tốt nghiệp Cao đẳng/Đại học trở lên các chuyên ngành liên quan
- Ưu tiên Nam có 02 năm kinh nghiệm trở lên làm trong mảng thuốc thủy sản, hoặc các mảng khác tương đương
- Có kinh nghiệm quản lý điều phối đội nhóm, làm việc độc lập, tinh thần trách nhiệm trong công việc
- Chấp nhận đi công tác khi có yêu cầu","- Lương cứng 15tr - 20tr + hoa hồng bán hàng
- Được xét tăng lương định kỳ hàng năm theo năng lực và kết quả công việc
- Được thưởng vào các dịp, sinh nhật, lễ, Tết, tháng lương thứ 13, tháng lương thứ 14...
- Được tham gia các loại bảo hiểm theo quy định của pháp luật BHXH, BHYT, BHTN theo quy định của công ty
- Được tham gia các hoạt động ngoài giờ của công ty: Tham quan du lịch tối thiểu 1 năm 1 lần, liên hoan nhân các ngày đặc biệt,...","Thứ 2 - Thứ 6 (từ 08:00 đến 17:00)
Sáng Thứ 7: 8h00 - 12h00",telesales
Sales Supervisor / Trình Dược Viên Kênh OTC / ETC - Từ 5 Năm Kinh Nghiệm Ngành Dược Phẩm,https://www.topcv.vn/viec-lam/sales-supervisor-trinh-duoc-vien-kenh-otc-etc-tu-5-nam-kinh-nghiem-nganh-duoc-pham/2164950.html?ta_source=JobSearchList_LinkDetail&u_sr_id=pD2iRzx9Qc2H6NUGv07oi5dsDASHfRnZt0wYIaEM_1780367358,VPĐD NQ Healthcare Australia Pty. Ltd. Tại TP.HCM,"Phòng 08.02, tầng 8, toà nhà cao ốc Văn phòng và kho Yteco, số 181 Nguyễn Đình Chiểu, phường Xuân Hoà, Thành phố Hồ Chí Minh",2026-06-02 09:34:46,Telesales,8b49932c59c9e29be32d7d2cfef3f1dc,01/07/2026,False,Thu nhập: Thoả thuận,,,negotiable,,False,Hồ Chí Minh,Trung cấp,,"Sales Supervisor, Trình Dược Viên Kênh OTC","giao tiếp, teamwork",,,Không yêu cầu,5 năm,"Trình dược viên, Y tế / Dược phẩm, B2B, B2C, Direct Sales, Telesales","5 năm kinh nghiệm chuyên môn, Trung cấp trở lên, Tiếng Anh Đọc hiểu","Giới thiệu, tư vấn và thúc đẩy doanh số các sản phẩm của công ty tại khu vực phụ trách.
Xây dựng và duy trì và mở rộng quan hệ với bác sĩ, nhà thuốc, phòng khám, bệnh viện và các đối tác liên quan.
Triển khai các chương trình bán hàng, Marketing và chăm sóc khách hàng theo kế hoạch công ty.
Theo dõi doanh số, độ phủ sản phẩm và tình hình thị trường để đề xuất giải pháp kinh doanh phù hợp.
Thu thập thông tin thị trường, nhu cầu khách hàng.
Đảm bảo hoàn thành chỉ tiêu doanh số, KPI và báo cáo định kỳ.
Phối hợp với các bộ phận liên quan nhằm xử lý đơn hàng, công nợ và hỗ trợ khách hàng.
Tham gia hội thảo, sự kiện y khoa, chương trình đào tạo sản phẩm khi được yêu cầu.","Ứng viên từ 26 tuổi trở lên
Có tối thiểu 5 năm kinh nghiệm ở vị trí Sales/Trình Dược Viên OTC, ETC trong ngành Dược phẩm.
Đã từng làm nhóm hàng THUỐC DỊCH VỤ
Đã từng làm trong mảng Cơ Xương Khớp, Thuốc Canxi là 1 lợi thế
Có mối quan hệ với bệnh viện, phòng khám hoặc hệ thống nhà thuốc là lợi thế.
Kỹ năng giao tiếp, thuyết phục và đàm phán tốt.
Có khả năng làm việc độc lập, chịu áp lực doanh số.
Thành thạo tin học văn phòng và kỹ năng báo cáo.
Tiếng Anh giao tiếp, gửi mail báo cáo","Thu nhập cạnh tranh: Lương chính thức
Thưởng doanh số theo kết quả kinh doanh.
Được đào tạo sản phẩm và kỹ năng chuyên môn.
Tham gia đầy đủ BHXH, BHYT, BHTN theo quy định.",Thứ 2 - Thứ 6 (từ 08:00 đến 17:00),telesales
Account Manager Mảng Dịch Vụ ATTT,https://www.topcv.vn/viec-lam/account-manager-mang-dich-vu-attt/1726071.html?ta_source=JobSearchList_LinkDetail&u_sr_id=pD2iRzx9Qc2H6NUGv07oi5dsDASHfRnZt0wYIaEM_1780367358,Công Ty TNHH BlueCyber,"số nhà 32, ngách 1/8 đường Đình Thôn, Phường Mỹ Đình 1, Quận Nam Từ Liêm, Thành phố Hà Nội",2026-06-02 09:35:04,Telesales,d8274ca7533d265f70f2e31a04d02271,01/07/2026,False,Thu nhập: Thoả thuận,,,negotiable,,False,Hà Nội,Đại học,,"Account Manager, IT - Phần mềm, An ninh mạng, B2B, Direct Sales, Online Sales, Telesales",,,,Không yêu cầu,5 năm,"Account Manager (Quản lý khách hàng), IT - Phần mềm, An ninh mạng, B2B, Direct Sales, Online Sales, Telesales","5 năm kinh nghiệm chuyên môn, 5 năm kinh nghiệm quản lý, Tuổi 25 - 35, Đại Học trở lên","Tìm kiếm và phát triển khách hàng có nhu cầu về các sản phẩm, dịch vụ và giải pháp ATTT của BlueCyber
Phối hợp với các bộ phận kỹ thuật tìm hiểu nhu cầu và đưa ra các đề xuất/giải pháp phù hợp cho khách hàng;
Đàm phán & thống nhất phương án hợp tác (Báo giá, Hợp đồng, Thanh toán,…) với khách hàng;
Quản lý và mở rộng tập khách hàng, thúc đẩy doanh số bán hàng theo định hướng của công ty
Chăm sóc khách hàng, Phát triển doanh thu sau bán hàng;
Báo cáo kết quả kinh doanh định kỳ với quản lý trực tiếp;
Trao đổi thêm khi phỏng vấn.","Tốt nghiệp đại học chuyên ngành CNTT, Kinh tế, Tài chính, Quản trị Kinh doanh hoặc các ngành liên quan;
Từ
5 năm kinh nghiệm
làm việc với khách hàng trong các công ty về ATTT, như: NCS, NGS, VNCS, Vsec, BKAV, CyStack, CyRadar, HPT...;
Đã từng làm Account Manager trong các công ty tích hợp hệ thống, như: FPT IS, CMC, HiPT, HPT, Elcom, Savis...;
Đã từng làm Account Manager trong các công ty phần mềm, như: CMC, iERP, Bravo, Misa, ITG...;
Ưu tiên ứng viên phụ trách kinh doanh khối BFSI, Gov, Dầu khí, Điện lực, Trường ĐH, Bệnh viện.","Lương  thỏa thuận theo năng lực ứng viên + thưởng doanh số hàng tháng + Thưởng quý;
Thưởng lương Tháng 13; review lương hàng năm;
Được làm việc với nhiều chuyên gia trong lĩnh vực ATTT. Có cơ hội thăng tiến và phát triển cao;
Chế độ phúc lợi như thưởng lễ Tết, quà sinh nhật, hiếu hỉ, ….;
Đóng BHXH, BHYT, BHTN theo quy định;
Tham gia các hoạt động nội bộ, teambuiling. Du lịch với Công ty từ 1-2 lần/năm;",Thứ 2 - Thứ 6 (từ 09:00 đến 17:30),telesales
"Trưởng Phòng Kinh Doanh - Tiếng Anh, Tiếng Trung",https://www.topcv.vn/viec-lam/truong-phong-kinh-doanh-tieng-anh-tieng-trung/2183685.html?ta_source=JobSearchList_LinkDetail&u_sr_id=pD2iRzx9Qc2H6NUGv07oi5dsDASHfRnZt0wYIaEM_1780367358,Công ty TNHH SX TM DV Nam Đạt,"110 cư xá Nguyễn Văn Trỗi, Phường. Phú Nhuận, TP. Hồ Chí Minh",2026-06-02 09:35:30,Telesales,0a9b89dbd398efe220b814360a907981,15/07/2026,False,Thoả thuận,,,negotiable,,False,Hồ Chí Minh,Đại học,,"Tiếng Anh Giao tiếp thành thạo, Tiếng Trung Giao tiếp thành thạo, Phát âm chuẩn, Diễn đạt trôi chảy",,"tiếng Anh, tiếng Trung",,Không yêu cầu,5 năm,"Sales Sản xuất khác, B2B, Direct Sales, Telesales, Online Sales","5 năm kinh nghiệm chuyên môn, 5 năm kinh nghiệm quản lý, Đại Học trở lên, Tiếng Anh Giao tiếp thành thạo, Tiếng Trung Giao tiếp thành thạo, Phát âm chuẩn, Diễn đạt trôi chảy, Có phương tiện di chuyển","- Quản lý, điều hành toàn bộ hoạt động của phòng kinh doanh
- Xây dựng kế hoạch kinh doanh tháng, quý, năm theo định hướng của công ty
- Tìm kiếm, phát triển và duy trì hệ thống khách hàng trong nước và quốc tế, đặc biệt là khách hàng xuất khẩu
- Trực tiếp đàm phán, làm việc với khách hàng, đối tác nước ngoài bằng tiếng Trung và tiếng Anh
- Tổ chức thực hiện và theo dõi toàn bộ quá trình từ chào giá, đàm phán, ký hợp đồng, giao hàng, thanh toán đến thu hồi công nợ
- Phối hợp chặt chẽ với các bộ phận kế toán, xuất nhập khẩu, kho vận, nhà máy để kiểm soát tiến độ đơn hàng và hạn chế rủi ro phát sinh
- Quản lý, đào tạo, hướng dẫn và đánh giá đội ngũ nhân viên kinh doanh
- Theo dõi tình hình thị trường, giá cả, nhu cầu khách hàng và xu hướng xuất khẩu để tham mưu cho Ban Giám đốc
- Chịu trách nhiệm về doanh số, hiệu quả hoạt động kinh doanh và chất lượng quản trị khách hàng của phòng","- Tốt nghiệp đại học trở lên các chuyên ngành Quản trị kinh doanh, Kinh doanh quốc tế, Ngoại thương, Xuất nhập khẩu, Kinh tế hoặc các ngành liên quan
- Có tối thiểu 05 năm kinh nghiệm ở vị trí tương đương
- Bắt buộc biết tiếng Trung và tiếng Anh, sử dụng được trong giao tiếp, đàm phán, email và làm việc với khách hàng nước ngoài
- Có kinh nghiệm thực tế về xuất khẩu, ưu tiên ứng viên đã trực tiếp phụ trách khách hàng quốc tế hoặc thị trường Trung Quốc
- Ưu tiên ứng viên đã từng làm việc trong doanh nghiệp sản xuất, thương mại và xuất khẩu cao su hoặc ngành nguyên liệu có mô hình tương tự
- Có kinh nghiệm làm việc với khách hàng, nhà môi giới thương mại hoặc đơn vị trung gian trong hoạt động xuất khẩu
- Có khả năng kiểm soát rủi ro khi triển khai đơn hàng thông qua môi giới, bao gồm kiểm soát thông tin khách hàng, điều khoản thương mại, tiến độ giao hàng, thanh toán và công nợ
- Có tư duy phát triển khách hàng trực tiếp để từng bước giảm phụ thuộc vào môi giới, mở rộng thị trường và nâng cao biên lợi nhuận cho công ty
- Có khả năng phối hợp chặt chẽ với kế toán, xuất nhập khẩu, kho vận và nhà máy để bảo đảm hồ sơ, chứng từ và tiến độ thực hiện hợp đồng xuất khẩu
- Am hiểu lĩnh vực cao su hoặc các ngành hàng nguyên liệu, nông sản, xuất khẩu có tính chất tương đồng
- Có kinh nghiệm quản lý đội ngũ kinh doanh và kiểm soát hiệu quả bán hàng
- Có khả năng theo sát hợp đồng, tiến độ giao hàng, thanh toán và công nợ khách hàng
- Có kỹ năng giao tiếp, đàm phán, xử lý tình huống và phối hợp liên phòng ban tốt
- Có tư duy quản trị, tinh thần trách nhiệm, chủ động trong công việc
- Chịu được áp lực doanh số, áp lực tiến độ và áp lực thị trường
- Thành thạo tin học văn phòng","- Thu nhập thỏa thuận theo năng lực và kinh nghiệm
- Thưởng theo hiệu quả công việc và kết quả kinh doanh
- Môi trường làm việc chuyên nghiệp, ổn định
- Cơ hội phát triển lâu dài cùng công ty
- Được hưởng đầy đủ các chế độ theo quy định của pháp luật và chính sách của công ty","Thứ 2 - Thứ 6 (từ 08:00 đến 17:00)
Thứ 7 (từ 08:00 đến 12:00)",telesales
Trưởng Phòng Dịch Vụ Khách Hàng,https://www.topcv.vn/viec-lam/truong-phong-dich-vu-khach-hang/2181835.html?ta_source=JobSearchList_LinkDetail&u_sr_id=pD2iRzx9Qc2H6NUGv07oi5dsDASHfRnZt0wYIaEM_1780367358,CÔNG TY CỔ PHẦN VIỆN MẮT QUỐC TẾ VIỆT - NGA,"9 Nguyễn Đỗ Cung, Làng Quốc tế Thăng Long, Cầu Giấy, Hà Nội",2026-06-02 09:35:59,Telesales,d330231dd29c2a44b50d2dcc28a74f19,29/06/2026,False,Thoả thuận,,,negotiable,,False,Hà Nội,Đại học,,"Quan hệ khách hàng cá nhân/doanh nghiệp, Y tế / Dược phẩm, Chăm sóc sức khỏe / Làm đẹp, B2B, B2C, Direct Sales, Telesales, Online Sales",,,,Không yêu cầu,5 năm,"Quan hệ khách hàng cá nhân/doanh nghiệp, Y tế / Dược phẩm, Chăm sóc sức khỏe / Làm đẹp, B2B, B2C, Direct Sales, Telesales, Online Sales","5 năm kinh nghiệm chuyên môn, 3 năm kinh nghiệm quản lý, Đại Học trở lên, Phát âm chuẩn, Diễn đạt trôi chảy","I. MỤC ĐÍCH CÔNG VIỆC
Chịu trách nhiệm toàn diện trong việc hoạch định, quản lý và tối ưu hóa toàn bộ hệ thống dịch vụ khách hàng tại bệnh viện. Đảm bảo xây dựng và duy trì tiêu chuẩn trải nghiệm dịch vụ cấp cao, hiện thực hóa văn hóa lấy khách hàng làm trung tâm; quản trị hiệu quả quy trình chăm sóc hậu phẫu/hậu dịch vụ cá nhân hóa nhằm tối đa hóa tỷ lệ giữ chân và chuyển hóa khách hàng thành các ""đại sứ thương hiệu"", chủ trì triển khai các chương trình khách hàng giới thiệu khách hàng để gia tăng nguồn doanh thu tự nhiên cho bệnh viện.
II. NHIỆM VỤ CHÍNH
Thiết kế & Tối ưu hóa ""Hành trình trải nghiệm khách hàng""
Chuẩn hóa điểm chạm: Chủ trì thiết kế, rà soát và liên tục tối ưu hóa toàn bộ ""Hành trình khách hàng"" từ lúc bắt đầu bước chân vào bệnh viện (Lễ tân, đón tiếp) cho đến khi ra viện; chủ động phát hiện và triệt tiêu mọi điểm nghẽn về thủ tục hoặc thời gian chờ đợi.
Xây dựng bộ Tiêu chuẩn Dịch vụ (SOPs): Thiết lập và ban hành các quy trình vận hành tiêu chuẩn, bộ quy tắc ứng xử, kịch bản giao tiếp chuẩn mực cho toàn bộ đội ngũ nhân sự tiếp xúc trực tiếp với khách hàng (Lễ tân, Thu ngân, Chăm sóc khách hàng......)
Phát triển Nguồn khách hàng Trung thành & Mô hình Giới thiệu (Member-Get-Member)
Chăm sóc hậu phẫu cá nhân hóa: Xây dựng và giám sát quy trình chăm sóc hậu phẫu, hậu dịch vụ chuyên sâu và cá nhân hóa. Biến hoạt động hỏi thăm sức khỏe định kỳ thành cơ hội vàng để gia tăng sự hài lòng và tạo sự gắn kết cảm xúc với người bệnh.
Chủ trì chương trình ""Khách hàng giới thiệu khách hàng"": Thiết kế, đề xuất ngân sách và triển khai các chương trình, chính sách khuyến khích người bệnh cũ lan tỏa uy tín chuyên môn của Việt - Nga để giới thiệu người thân, bạn bè đến sử dụng dịch vụ.
Quản trị tỷ lệ giữ chân: Quản lý và khai thác hiệu quả cơ sở dữ liệu khách hàng cũ, tổ chức các hoạt động tri ân, chương trình tái khám định kỳ nhằm duy trì và kéo dài vòng đời khách hàng bền vững.
Đào tạo Nhân sự & Kiến tạo Văn hóa lấy khách hàng làm trung tâm
Dẫn dắt và Truyền lửa: Trực tiếp quản lý, đào tạo và phát triển đội ngũ nhân sự phòng CSKH giàu năng lượng; khơi dậy tình yêu nghề, diện mạo chuyên nghiệp và tác phong đẳng cấp theo tiêu chuẩn quốc tế.
Đào tạo Văn hóa Dịch vụ: Phối hợp với phòng HCNS tổ chức các buổi đào tạo định kỳ cho không chỉ nhân sự CSKH mà cả khối chuyên môn (Điều dưỡng, Kỹ thuật viên) về kỹ năng giao tiếp, tâm lý khách hàng và tinh thần  lấy khách hàng làm trung tâm.
Quản trị Chất lượng Dịch vụ & Xử lý Khiếu nại
Khảo sát và Đánh giá sự hài lòng: Thiết lập hệ thống công cụ đo lường chỉ số hài lòng của khách hàng (NPS, CSAT) theo định kỳ. Phân tích dữ liệu phản hồi để kịp thời tham mưu cho Ban Giám đốc các giải pháp cải tiến chất lượng.
Giải quyết khiếu nại xuất sắc: Là đầu mối tiếp nhận, trực tiếp đứng ra xử lý và giải quyết các khiếu nại, phản ánh từ khách hàng/người bệnh tại viện một cách khéo léo, nhanh chóng, đảm bảo quyền lợi của bệnh viện và làm dịu khủng hoảng từ sớm.
Quản lý Ngân sách & Phối hợp Liên phòng ban
Kiểm soát chi phí CSKH: Lập kế hoạch ngân sách và kiểm soát chặt chẽ các chi phí hoạt động của phòng (chi phí quà tặng tri ân, chi phí tổ chức hội nghị khách hàng, tài liệu hướng dẫn...).
Phối hợp thúc đẩy doanh thu: Phối hợp chặt chẽ với khối Chuyên môn (Bác sĩ, Điều dưỡng) để đảm bảo chất lượng dịch vụ đồng bộ; phối hợp với phòng Marketing nhằm nhất quán hình ảnh thương hiệu Việt - Nga đẳng cấp, uy tín từ truyền thông đến thực tế trải nghiệm tại viện.","Trình độ học vấn: Tốt nghiệp Đại học trở lên các chuyên ngành Quản trị dịch vụ, Khách sạn, Quản trị kinh doanh, Ngoại ngữ, Y dược hoặc các ngành liên quan.
Kinh nghiệm:
Tối thiểu 03 -05 năm kinh nghiệm ở vị trí Trưởng phòng CSKH, Trưởng bộ phận Trải nghiệm khách hàng hoặc Quản lý Dịch vụ cao cấp tại các Bệnh viện, Clinic lớn, Khách sạn 4-5 sao, Hàng không hoặc các hệ thống bán lẻ dịch vụ cao cấp.
Ưu tiên ứng viên có kinh nghiệm thiết lập hệ thống chăm sóc khách hàng theo chuỗi hoặc ngành y tế tư nhân.
Kỹ năng cốt lõi:
Kỹ năng giao tiếp & Thuyết phục: Đạt mức độ xuất sắc, ngôn từ chuẩn mực, có khả năng xử lý tình huống phát sinh và giải quyết khiếu nại/khủng hoảng tâm lý khách hàng cực tốt.
Tư duy phân tích dữ liệu: Đọc hiểu chỉ số, phân tích hành vi và mong muốn của khách hàng từ các báo cáo khảo sát.
Kỹ năng quản trị và đào tạo: Khả năng quy tụ, thúc đẩy năng lượng tích cực cho nhân viên và truyền tải văn hóa dịch vụ tốt.
Phẩm chất: Có tư duy ""Khách hàng là trung tâm"", diện mạo sáng, tác phong chỉn chu, kiên nhẫn, tinh tế và chịu được áp lực cao.","Mức lương cứng (Base Salary): 25.000.000 VNĐ – 35.000.000 VNĐ / tháng (Tùy thuộc vào năng lực thực tế và quy mô hệ thống từng quản lý).
Thưởng hiệu suất: Thưởng tháng theo Doanh thu ghi nhận từ nguồn ""Khách hàng giới thiệu khách hàng"", khai thác khách hàng cũ.
Các chế độ hỗ trợ khác theo chính sách công ty.","Thứ 2 - Chủ nhật (từ 08:00 đến 17:30)
Nghỉ 1 ngày trong tuần",telesales
Trưởng Phòng Telesale,https://www.topcv.vn/viec-lam/truong-phong-telesale/1341700.html?ta_source=JobSearchList_LinkDetail&u_sr_id=pD2iRzx9Qc2H6NUGv07oi5dsDASHfRnZt0wYIaEM_1780367358,CÔNG TY TNHH BỆNH VIỆN THẨM MỸ Á ÂU,"32D Thủ khoa huân, p. bến thành, q.1, tp. hcm",2026-06-02 09:36:21,Telesales,566b9776a4d5e9eadfbe2012369b4e70,27/06/2026,False,Thu nhập: 18 - 25 triệu,18000000.0,25000000.0,range,,False,Hồ Chí Minh,Đại học,,"Quản lý Kinh doanh khác, B2B, Telesales",,,,Nữ,5 năm,"Quản lý Kinh doanh khác, B2B, Telesales","5 năm kinh nghiệm chuyên môn, Tuổi 30 - 35, Đại Học trở lên, Nữ","- Quản lý và điều hành hoạt động của phòng Telesale, đảm bảo cung cấp chất lượng dịch vụ tốt nhất cho khách hàng.
- Giám sát và nâng cao chất lượng dịch vụ qua tổng đài, cũng như hiệu suất làm việc của nhân viên. Đảm bảo số lượng booking mỗi ngày.
- Lên kịch bản telesales phù hợp cho từng chiến dịch và triển khai hoạt động Telesales đạt hiệu quả và đúng định hướng chiến lược.
- Hỗ trợ và training nhân viên giải quyết những thắc mắc/ khiếu nại từ khách hàng thông qua điện thoại, email, các phương tiện CSKH khác.
- Thực hiện các báo cáo theo quy định.
- Các công việc khác theo phân công của cấp trên.","- Có kinh nghiệm quản lý Telesale/Call center ngành thẩm mỹ, làm đẹp bao gồm tuyển dụng, đào tạo, phát triển và đánh giá hiệu suất công việc
- Kỹ năng giao tiếp, đào tạo nhân sự tốt, giọng nói dễ nghe. Phối hợp chặt chẻ với bộ phận Sale offline để chuyển đổi tốt tỉ lệ khách đến cửa và booking dịch vụ
- Có tư duy khách hàng, sales, marketing, quản lý và định hướng tốt.
- Sử dụng thành thạo tin học văn phòng, phần mềm quản lý khách hàng CRM...
- Có khả năng giải quyết vấn đề.","- Thu nhập thỏa thuận theo năng lực, từ 18tr.
- Được tham gia BHXH, BHYT, BHTN theo quy định của Nhà nước.
- Được làm việc trong môi trường năng động và chuyên nghiệp.","Thứ 2 - Chủ nhật (từ 08:00 đến 17:00)
Nghỉ off 1 ngày/tuần",telesales
Account Manager,https://www.topcv.vn/viec-lam/account-manager/1567533.html?ta_source=JobSearchList_LinkDetail&u_sr_id=pD2iRzx9Qc2H6NUGv07oi5dsDASHfRnZt0wYIaEM_1780367358,Công Ty Cổ Phần Đầu Tư Công Nghệ SHT,"Số 15 Lô 5A Trung Yên 6, Trung Hòa, Cầu Giấy, Hà Nội",2026-06-02 09:37:26,Telesales,3f3d8758aa478aafdb16511e7490fdaa,25/06/2026,False,"Thu nhập khi đạt 100% KPI:  19 - 32 triệu VND
Lương cứng:  10 - 16 triệu VND",19000000.0,32000000.0,range,,False,Hà Nội,Đại học,,"Account Manager (Quản lý khách hàng), Ngân hàng, Chính phủ/Dịch vụ công, Luật / Pháp chế, B2B, B2G, Direct Sales, Telesales, Bán hàng tại cửa hàng/showroom","giao tiếp, đàm phán và thuyết phục xuất sắc, khả năng lập kế hoạch, quản lý thời gian và giải quyết vấn đề hiệu quả",,,Nam,5 năm,"Account Manager (Quản lý khách hàng), Ngân hàng, Chính phủ/Dịch vụ công, Luật / Pháp chế, B2B, B2G, Direct Sales, Telesales, Bán hàng tại cửa hàng/showroom","5 năm kinh nghiệm chuyên môn, Tuổi 28 - 35, Đại Học trở lên, Nam, Diễn đạt trôi chảy, Phát âm chuẩn","1/ Phát triển mối quan hệ => Đạt mục tiêu KPI trên Doanh số mua hàng của Account
Chủ động liên hệ, xây dựng và duy trì mối quan hệ tốt đẹp với khách hàng hiện tại.
Tiếp nhận, xử lý và giải quyết các vấn đề, yêu cầu của khách hàng một cách chuyên nghiệp và kịp thời.
Phân tích nhu cầu của khách hàng, tư vấn và đề xuất các giải pháp, dịch vụ phù hợp.
Xây dựng và triển khai kế hoạch kinh doanh nhằm đạt được các mục tiêu doanh số được giao.
2/ Triển khai các Chiến dịch Marketing & bán hàng trên tập Account do công ty giao
Theo dõi, đánh giá hiệu quả hoạt động kinh doanh, đưa ra các điều chỉnh và cải tiến cần thiết.
Phối hợp với các bộ phận liên quan (marketing, kỹ thuật,...) để đảm bảo sự hài lòng của khách hàng.
Thu thập thông tin thị trường, đối thủ cạnh tranh để đưa ra các đề xuất và chiến lược phù hợp.
Thực hiện các báo cáo định kỳ về tình hình kinh doanh và hoạt động của khách hàng.","Có ít nhất 5 năm kinh nghiệm làm việc ở vị trí Account Manager hoặc các vị trí tương đương, ưu tiên ứng viên có kinh nghiệm trong ngành...
Nam; Lái được xe Ô tô & Nữ Ưu Tiên Ngoại Hình hoặc Năng Khiếu
Có khả năng xây dựng và duy trì mối quan hệ tốt với khách hàng.
Giao tiếp, đàm phán và thuyết phục xuất sắc.
Khả năng lập kế hoạch, quản lý thời gian và giải quyết vấn đề hiệu quả.
Kỹ năng sử dụng thành thạo các phần mềm văn phòng (ERP, MS Office,...).
Có kiến thức về thị trường, đối thủ cạnh tranh và các xu hướng kinh doanh.
Tốt nghiệp đại học trở lên, ưu tiên các chuyên ngành Quản trị kinh doanh, Marketing hoặc các ngành liên quan.","Thu nhập Tháng:
Lương (P1) (Base) Start từ Bậc 3 = 12tr/tháng → Bậc 5 = 16tr/tháng (Theo đánh giá);
Lương (P2/KPI); Start từ Bậc 1 = (4tr → Bậc 9 = 12tr)/KPI/Cá nhân
Lương P3 (Thưởng) <=> 30%/ {% vượt KPI Team)
2. Tiền Lễ Tết <=> 2 tháng Full (P1 + P2) => (Tết Dương lịch, Âm lịch, ngày 01/05, ngày thành lập công ty).
3. Hỗ trợ ăn trưa 1tr/người/tháng, chi phí gửi xe tại công ty
4. Tham gia các hoạt động du lịch, team building của công ty. (10tr/người/năm)
5. Được cấp đầy đủ trang thiết bị phục vụ công việc.
6. Được nghỉ các ngày lễ tết theo quy định của Nhà nước. 12 ngày phép năm
7. Đóng BHXH, BHYT, BHTN theo Luật Lao động.",Thứ 2 - Thứ 6 (từ 08:30 đến 18:00),telesales
